essay_id,essay_set,essay,rater1_domain1,rater2_domain1,domain1_score
1,5,"नार्सिसो रोड्रिगेज के इस संस्मरण में, @व्यक्ति3 का जीवन, यह सब मिलाकर मूड काफी शानदार था, और दिखाया कि कैसे उनके माता-पिता ने उन्हें अपने पूरे जीवन में प्यार दिया। उनके माता-पिता दोनों का जन्म और पालन-पोषण क्यूबा में हुआ था और 1956 में वे दोनों संयुक्त राज्य अमेरिका चले गए। अपना जीवन फिर से शुरू कर रहे हैं, और वे कोई भी नौकरी पा सकते हैं। फिर 1961 में, @व्यक्ति2, @नाम1। जन्म हुआ था। दोनों माता-पिता ने उसे प्यार, और देखभाल के साथ उठाया, और अपने जीवन में क्यूबा की पृष्ठभूमि का परिचय दिया। जैसा कि @व्यक्ति2, अपनी कहानी बता रहा था, सभी पाठक बता सकते थे कि वह अपने परिवार की तरह कितना महान था। इसके अलावा, जैसा कि उन्होंने अपने गैर-रक्त संबंधित परिवार को साझा किया था, और @स्थान2 पर जाकर उनके माता-पिता का जीवन कैसे बदल गया, इस बात की याद दिलाते हुए, उन्होंने उनके प्रति जो सम्मान दिखाया, उसे दिखाया।",2,2,4
2,5,"होम ऑफ द ब्लूप्रिंट्स ऑफ अवर लाइव्स, नार्सिसो रोड्रिग्ज के लेखक के अंश के दौरान, लेखक एक एकल समग्र मनोदशा बनाए रखने का प्रबंधन करता है। कहानी के कई हिस्सों में वह बताता है कि वह अपने बचपन से कितना प्यार करता था इसलिए यह मुझे सोचने के लिए प्रेरित करता था, लेकिन कहीं भी इस बात पर जोर नहीं दिया गया कि वह पिछले समय में लौटने के लिए तरसता है। उन्होंने हमेशा घोषित किया कि उनका परिवार कितना प्यार और निस्वार्थ था, कैसे उन्होंने दूसरों को सहायता दी और कैसे वह अपने पड़ोसियों के साथ ""परिवार"" बन गए। इसके कारण मुझे अपने माता-पिता के प्रति प्यार, प्यार और प्रशंसा करने का स्वर मिला है। यह इस तथ्य के कारण है कि वह बताता है कि कैसे उसके माता-पिता क्यूबा में अपने जीवन को छोड़ने के लिए बहुत बहादुर थे ताकि वह बेहतर जीवन जी सके। नार्सिसो रोड्रिगेज भी कई बार इस बात पर टिप्पणी करते हैं कि कैसे उनके माता-पिता ने ज़रूरत में इतनी मदद की। अगर रॉड्रिग्ज की स्थिति में मैं अपने माता-पिता को उतना ही प्यार और प्रशंसा करूंगा, अगर और नहीं, तो उनके निस्वार्थ कर्मों और उनके बेटे की परवरिश के लिए।",2,2,4
3,5,"संस्मरण में रचा गया लेखक प्रेम है। लेखक को पता चलता है कि परिवार को रक्त से संबंधित नहीं होना चाहिए। लेखक के पड़ोस में ""कहीं और रीति-रिवाजों के बावजूद, ये सभी संस्कृतियाँ एकजुटता और मित्रता में एक साथ आईं"" (@संख्या1)। लेखक अपने माता-पिता से बहुत प्यार करता है क्योंकि वे ""अपने बच्चों को बेहतर जीवन देने के लिए"" बहुत से आप्रवासी करते हैं, ""(@संख्या2)। लेखक बहुत महान है कि उसके माता-पिता ""माता और पिता इस तरह के साहस के साथ इस देश में आए थे, बिना किसी भाषा या संस्कृति का ज्ञान"" (@संख्या3)। लेखक के माता-पिता ने @स्थान1 पर जाकर उन्हें एक महान जीवन दिया और ""इस साधारण घर को @संख्या4) में बदल दिया।""",3,3,6
4,5,लेखक द्वारा बनाई गई मनोदशा यह दिखा रही है कि क्यूबा के लोग कैसे रहते थे और उनके कत्र्तव्य के बारे में और वे कैसे रहते थे और कुछ लोग अन्य संस्कारों से अलग हो सकते थे और @नाम1 को अपने संस्कारी माता-पिता की परवाह नहीं थी और कुछ लोग नार्सीसो माता-पिता के लिए अपने कत्र्ता की परवाह करते हैं। यही लेखक कहने की कोशिश कर रहा है। और यह कि कुछ लोगों को अपने संस्कार का सम्मान करना चाहिए न कि @नाम2 एक अलग संस्कारी होने का।,1,0,1
5,5,"संस्मरण में निर्मित मनोदशा प्रसन्नता और कृतज्ञता है। नार्सिसो @स्थान1 पर जाने के लिए अपने माता-पिता का आभारी है, और फिर भी क्यूबा में उसे एक घर का सुखद एहसास देता है। उनके माता-पिता ने उन्हें अपनी संस्कृति से अवगत कराया और उन्हें खुशी है कि उन्होंने ऐसा किया। नरसीसो को खुशी है कि वे उस घर में रहते हैं, जो उन्होंने किया था, और उन सभी अपारदर्शिता के बारे में जो उन्होंने एक बच्चे के रूप में की थीं। वह आभारी है कि उसका परिवार हमेशा एक साथ मिला और क्यूबा के संगीत, गतिविधियों और भोजन के साथ एक दावत की थी। उनके माता-पिता ने अपनी नौकरी छोड़ दी और पूरी तरह से अपना जीवन शुरू करना पड़ा। नार्सिसो भी आभारी है कि उसने ""परिवार"" की वास्तविक परिभाषा सीखी। वह अपने प्यार और त्याग के लिए अपने माता-पिता का भी बहुत आभारी है।",2,3,5
6,5,"मूड निश्चित रूप से आपको कहानी को बेहतर महसूस करने और समझने में मदद करता है। लेखक जिस तरह से अपने विचारों को बताता है, उसके कारण मूड खुश और उदास दोनों का मिश्रण है। उदाहरण के लिए, वाक्य ""मैं यह कभी नहीं भूलूंगा कि मेरे माता-पिता ने इस साधारण घर को एक घर में कैसे बदल दिया"" मुझे दुखी करता है क्योंकि वह बड़ा हो गया है और अब सब कुछ बस यादें हैं लेकिन वह उन सुखद यादों को रखता है। अधिकांश अन्य विचार जैसे ""मैं अपने प्यार और बलिदान के लिए अपने माता-पिता का आभारी रहूंगा"" भी खुश या दुखी होने के लिए समान कारण हैं। हालाँकि ""मेरे माता और पिता जैसे बयान इस देश में इतने साहस के साथ आए, बिना किसी भाषा या संस्कृति के ज्ञान के"" मुझे खुशी है कि उनके माता-पिता इतने दृढ़ थे। कुल मिलाकर मुख्य विचार उनके जीवन के अच्छे और बुरे समय को याद कर रहा है और इस विचार के लिए मूड खुश / दुखी है।",2,3,5
7,5,"""होम: द ब्लूप्रिंट्स ऑफ आवर लाइव्स"" से नार्सिसो रोड्रिग्ज के संस्मरण में उन्होंने प्यार और जुनून को शामिल किया। आप यह बता सकते हैं कि नार्सिसो कुछ चीजों के बारे में कितनी दृढ़ता और दृढ़ता से बात करता है। ""यहाँ, बचपन की मासूमियत, परिवार और दोस्तों की मण्डली और अंतहीन समारोह जो दोनों को शामिल करते हैं, ने हमारे गर्म घरों में जीवन की पृष्ठभूमि का गठन किया।"" अकेले इस एक वाक्य में, आप नार्सिसो के जुनून और उनके घर के इस प्यार को महसूस कर सकते थे। नार्सिसो अपने माता-पिता के बारे में बात करते समय पैराग्राफ @संख्या1 और @संख्या2 में बहुत प्यार और धन्यवाद का भाव रखता है। ""यह वह जगह थी जहां मैंने 'परिवार' की वास्तविक परिभाषा सीखी ... मैं कभी नहीं भूलूंगा कि मेरे माता-पिता ने साधारण घर को घर में कैसे बदल दिया।"" ये दो वाक्य सबसे अधिक संभवत: नार्सिसो के संस्मरण में सबसे मजबूत हैं, ये दोनों भी सबसे अधिक जुनून और अर्थ से भरे हुए हैं। जैसा कि आप देख सकते हैं, ""होम: द ब्लूप्रिंट्स ऑफ आवर लाइव्स"" से नार्सिसो रोड्रिग्ज के संस्मरण में, मूड नार्सिसो इसमें प्यार और जुनून है।",3,3,6
8,5,"अंश में लेखक द्वारा बनाया गया प्रेम प्रेम है। परिवार के लिए प्यार और एक-दूसरे के लिए प्यार। लेखक अपने माता-पिता के बारे में प्यार और सम्मान से बात करता है, ""मैं यह कभी नहीं भूलूंगा कि मेरे माता-पिता ने इस साधारण घर को घर में कैसे बदल दिया।"" लेखक अपने सभी माता-पिता को अपने स्वयं के और अपने जीवन को बेहतर बनाने के लिए गुजरता है। ऐसा करने में उन्होंने एक अपार्टमेंट को प्यार की जगह में बदल दिया और देखभाल की कि वह कभी नहीं भूलेंगे और इससे भी महत्वपूर्ण बात यह है कि उन्होंने इस प्यार को पार कर लिया। लेखक अपने ""परिवार"" और उनके बीच साझा किए गए प्यार के बारे में भी बात करता है, ""मेरे माता-पिता ने हमेशा अपनी बाहों और उनके दरवाजे को उन कई लोगों के लिए खुला रखा था जिन्हें हम परिवार मानते थे ..."" लेखक का ""परिवार"" पूरी तरह से रक्त से संबंधित नहीं था। कई लोग दोस्त थे लेकिन बहुत करीबी दोस्त जो हवलदार परिवार की तरह बन जाते थे और उनका हमेशा स्वागत किया जाता था। अंत में, लेखक अपने समुदाय के बारे में बात करता है, ""हमारे पड़ोस में, कहीं और रीति-रिवाजों के बावजूद, ये सभी संस्कृतियां बड़ी एकजुटता और मित्रता में एक साथ आईं।"" कोई फर्क नहीं पड़ता कि वे किस राष्ट्रीयता के साथ एक साथ थे और समझ बहुत निकट थी। यह दोस्ती, विश्वास, प्यार, और देखभाल के ये मूल सिद्धांत थे जो इस अंश के लेखक पर लोगों की एक विविधता द्वारा पारित किए गए थे और अंश को प्यार का एक मूड देते हैं।",4,4,8
9,5,"संस्मरण में लेखक द्वारा बनाया गया मिजाज कृतज्ञ और भाग्यशाली है। नार्सिसो रोड्रिगेज अपने माता-पिता और क्यूबा होने की अपनी विरासत के लिए बहुत भाग्यशाली होने के बारे में बात करता है। पैराग्राफ @संख्या1 से, ""मैं अपने माता-पिता के प्यार और बलिदान के लिए हमेशा उनका आभारी रहूंगा।"" @नाम1 कह रहा है कि @नाम1 अपने माता-पिता के रूप में अपने माता-पिता के लिए बहुत खुश और भाग्यशाली था जो कि संस्मरण का मुख्य मिजाज है। उनके संस्मरण में नार्सिसो रोड्रिगेज द्वारा बनाया गया मिजाज ही खुशी है। @नाम1 यह कहकर कहानी को खुश करता है कि उसके परिवार के साथ बड़ा होना कितना अच्छा था। @नाम1 यह भी कहता है कि उसका परिवार उसके पड़ोस में भी बहुत सारे लोगों के साथ था। @नाम1 एक महान परिवार के लिए खुश है। पैराग्राफ @संख्या2 से, ""यहाँ, बचपन की मासूमियत, मण्डली परिवार और दोस्तों, और अंतहीन समारोहों में जो दोनों को शामिल करते हैं, ने हमारे गर्म घर में जीवन की पृष्ठभूमि का गठन किया।"" @नाम2 उनके संस्मरण में रोड्रिगेज के दो मूड हैं।",3,3,6
10,5,"लेखक आम तौर पर एक मूड में रहता था। कहानी में चित्रित की गई मनोदशा पारिवारिक थी और दोस्त बहुत महत्वपूर्ण हैं और वे आपकी मदद करते हैं कि आप भविष्य में क्या होंगे। यही कारण है कि लेखक ने जोर देकर कहा कि वह कितना शुक्रगुजार था कि उसका परिवार @स्थान1 में आया था ताकि वह एक बेहतर जीवन बना सके और उसके दोस्त अपनी संस्कृति को साझा करने के लिए आए। लेखक यह भी कह रहा था कि @स्थान1 में भी उसके क्यूबा के रक्त और संस्कृति को याद रखना महत्वपूर्ण था। यही कारण है कि वह कहते हैं ""... और खाना पकाने का एक प्यार जो आज भी मेरे साथ है (और जिसके लिए मैं अनंत काल से सम्मानित हूं)। पैशनेट क्यूबन संगीत (जिसे मैं आज तक मानता हूं) ने हवा को भरा, सुगंधों के साथ मिलाया। रसोई का। ” इसके अलावा लेखक का कहना है कि एक घर वह है जहाँ पर गीट की यादें हैं और क्या आप बड़े हो रहे हैं, आपको इसे कभी नहीं भूलना चाहिए।",3,3,6
11,5,"इस कहानी में लेखक जो मूड बनाता है वह एक @नाम1 उदास मनोदशा है, लेकिन यह @नाम2 भी है, @नाम3 इसमें मौजूद आदमी को एक नया घर और एक नया जीवन मिल रहा है @नाम3 उसके माता-पिता @नाम5 @नाम6।",1,1,2
12,5,"लेखक ने जो संस्मरण रचा है, वह मनोदशा का बहुत ही गर्म और सुकून देने वाला है। जिस तरह से लेखक आपको अपने माता-पिता के बारे में बताता है; निस्वार्थता और जिस तरह से उन्होंने अपने बच्चों को सबसे पहले रखा वह वास्तव में आपको सिर्फ अपने माता-पिता के बारे में सोचने के लिए बनाता है और वे आपके लिए कितने अच्छे हैं और वे आपके लिए क्या करेंगे। जिस तरह से लेखक अपने घर के बारे में बात करता है वह आपको घर के सभी रंगों के बारे में सोचता है। मुझे लगता है कि घर एक सुनहरा - लाल रंग पीला, सफेद, भूरा और नारंगी पर होगा। यह मुझे उस तरह की याद दिलाता है जिस तरह से उन्होंने पकाया होगा। वे रंगीन मिर्च, प्याज, टॉर्टिला और तेलों के साथ पकाया जाता। यह आपको यह सोचने पर मजबूर करता है कि आपके घर में कौन से रंग हैं और आप किन चीजों के साथ खाना बनाना चाहते हैं। संगीत अद्भुत लगता है। हालांकि वे यह प्रदर्शित नहीं करते हैं कि यह वास्तव में कैसा लगता है, आप आसानी से इसकी कल्पना कर सकते हैं। मैं कल्पना करता हूं कि यह पृष्ठभूमि में है, जबकि सभी वयस्क खाना बना रहे हैं और बच्चे एक खुली खिड़की के माध्यम से चमकते हुए सुनहरे धूप के साथ रंगीन कमरों में खेल रहे हैं। मैं उस मनोदशा से प्यार करता हूं जो इस संस्मरण ने मुझे अंदर ला दिया है।",1,1,2
13,5,"संस्मरण की मनोदशा बहुत उत्साहित है, खुश कैसे @व्यक्ति1। एक बहुत ही क्यूबाई परिवार में न्यू जर्सी, न्यू जर्सी में पली-बढ़ी, और बताती है कि बचपन में नार्सिसो कैसे गुजरती थी। यह संस्मरण वास्तव में उस कनेक्शन और प्रेम पर जोर देता है जो नार्सिसो ने अपने माता-पिता और अपने घर के साथ किया था। यह आपको लगता है कि एक घर में सिर्फ दीवारों और छत की तुलना में अधिक है और शायद यह एक परिवार का हिस्सा है।",1,1,2
14,5,"संस्मरण में लेखक द्वारा मनोदशा का वर्णन करें। संस्मरण में एथलीट द्वारा मूड। क्या वह एक कठिन समय बड़ा था क्योंकि उसके माता-पिता ने फिल्म देखी। बाईस साल की उम्र बे। नार्सिसो रोड्रिगेज अपने परिवार के साथ रह रही है वह एक एक खुबानी के कमरे में रहती है, जब वह बड़ी हो रही थी तो नस्लवाद थे वह बड़े हो रहे थे। जब वह बड़ी हो रही थी तो उसकी माँ और पिता ने उसे खाना बनाना सिखाया था, और जो नंबर एक चीज़ उसने सीखी वह थी कि किसी से प्यार कैसे किया जाए",1,0,1
15,5,"संस्मरण में लेखक द्वारा बनाया गया मूड खुश, सुखद और जीने लायक था। मैं खुश हूं क्योंकि उनके पास परिवार था और कुछ भी होने पर उनकी मदद करने के लिए अन्य दोस्त थे। मुझे सुखद लगता है क्योंकि लेखक इस बारे में बात करता है कि उनका (मुख्य चरित्र) पहला जन्मदिन और पहला दोस्त कैसे था। मैं अपने सभी जन्मदिनों का आनंद लूंगा अगर मैं वह व्यक्ति था और मेरा पहला दोस्त भी। मैंने जीने लायक भी कहा क्योंकि वे हर रोज अपनी मेज पर खाना खाते थे। और संस्मरण में संघर्ष के बारे में कुछ नहीं कहा। यही कारण है कि मैं मूड को खुश, सुखद और रहने लायक समझाता हूं।",2,1,3
16,5,"इस संस्मरण में लेखक द्वारा बनाई गई मनोदशा उनके दोस्तों, परिवार और उनके आस-पास के सभी लोगों के लिए बहुत प्यार और देखभाल करने वाली थी, उदाहरण के लिए यह कहता है कि कैसे उनकी माँ हमेशा उस दरवाजे को खुला रखेगी जो कभी भी किसी न किसी समय से गुजर रहा था या जब तक वे वापस नहीं आए थे अपने पैरों पर क्योंकि वह जानती थी कि वे उसके और उसके परिवार के लिए ऐसा ही करेंगे। साथ ही मूड बहुत आभारी है क्योंकि नार्सिसो ने जीवन में जो कुछ भी किया है उसकी प्रशंसा करता है और जिसने उसकी मदद की है और वह सभी दोस्तों के लिए आभारी है और उनके और उनके परिवार के लिए उनके पास देखभाल है और वह जीवन में मिलने वाली हर अपारदर्शिता का धन्यवाद करते हैं। मनोदशा यह भी दिखाती है कि किस तरह से छोटी चीज़ अंदर की तरफ बड़ी हो सकती है क्योंकि नार्सिसो ने ऐसा बहुत कुछ किया है जिस जगह पर वह रहता है।",2,2,4
17,5,"इस संस्मरण में लेखक एक मनोदशा बनाता है। मनोदशा प्रेम है। लेखक को अपने माता-पिता से उन सभी चीजों के लिए प्यार है जो उन्होंने @स्थान1 पर आने के लिए बलिदान किए थे। वह वास्तव में उसके लिए किए गए हर काम की सराहना करता है और वह वास्तव में आभारी है। लेखक ने अपनी रसोई की ""गर्मी"" का वर्णन किया है। यह प्रेम और संस्कृति से कैसे भरा है। उनके माता-पिता खाना पकाने और अपनी संस्कृति से संगीत की महान सुगंध, वह इसे प्यार करता है। लेखक यह भी वर्णन करता है कि उसका परिवार @नाम1 करीब कैसे है, और उनके दोस्तों को। वो प्यार जो उन्हें एक दूसरे के लिए मिला। संस्मरण कहता है, ""मेरे माता-पिता ने हमेशा अपनी बाहों और अपने दरवाजे को ऐसे कई लोगों के लिए खुला रखा जिन्हें हम परिवार मानते हैं, यह जानते हुए कि वे हमारे साथ भी ऐसा ही करेंगे।"" @नाम1 उन्होंने ऐसे लोगों पर विचार किया जो वास्तव में परिवार नहीं थे ... परिवार। उन्होंने एक-दूसरे की मदद की, परिवार और दोस्तों, यही वह प्यार बनने के मूड को बनाता है। @नाम1, इस संस्मरण में, लेखक एक मूड और उसका प्यार बनाता है।",4,3,7
18,5,"इस संस्मरण के लेखक ने परिवार के बारे में मूड बनाया। ""वे निस्वार्थ रूप से आए, जैसा कि कई आप्रवासी करते हैं, अपने बच्चों को बेहतर जीवन देने के लिए, भले ही इसका मतलब था कि उनके परिवार, दोस्तों और करियर को पीछे छोड़ देश में प्यार करते थे,"" यह उद्धरण बताता है कि लेखक द्वारा बनाया गया मूड पाठक महसूस करते हैं कि उनके बच्चे अपने जीवन को बेहतर जीवन और शिक्षा देने के लिए कितना कठिन परिश्रम करते हैं। ""यह यहां था जहां मैंने"" परिवार ""की वास्तविक परिभाषा सीखी,"" इससे पाठक को यह भी महसूस होता है कि एक परिवार के लिए और भी बहुत कुछ है फिर यह @महीना1 लगता है। वह परिवार एक जीवन देता है और प्यार सिखाता है। ""मैं यह कभी नहीं भूलूंगा कि मेरे माता-पिता ने इस साधारण घर को घर में कैसे बदल दिया,"" यह उद्धरण बताता है कि घर सिर्फ एक जगह नहीं है जहां एक @महीना1 रहते हैं, लेकिन यह उन रिश्तों के बारे में है जो वहां बनाए जाते हैं। ये संस्मरण में लेखक द्वारा बनाए गए कुछ मूड थे।",3,3,6
19,5,"इस लेखक द्वारा बनाई गई मनोदशा स्पष्ट रूप से महान है। लेखक दिखाता है कि वह (नार्सिसो) आपको धन्यवाद कहने से कभी नहीं रोक सकता। वह ईमानदारी से अपनी माँ और पिताजी के साथ की गई भावना को प्यार करता था, और सभी चोर उसके लिए करते थे। माता-पिता ने नार्सिसो के लिए घर बुलाने की जगह पर जाकर जो किया, उससे उनका मूड हमेशा के लिए शानदार बन गया। नार्सिसो के मूड के महान होने से मेरा मतलब है कि वह अपने माता-पिता का धन्यवाद करने के लिए सभी का आभारी है। इस लघु आत्मकथा में, नार्सिसो पाठक को महसूस करने के लिए तैयार करता है, और जानता है कि वह उस जीवन से खुश है जो उसके पास है। जैसा कि यह लघु कहानी महान होने के मूड को बनाती है। आप समझते हैं कि वह कैसा महसूस करता है जैसा कि आप इस लेख के माध्यम से कई बार पढ़ते हैं, ""मैं अपने माता-पिता के लिए हमेशा महान रहूंगा ...""",1,2,3
20,5,"संस्मरण में लेखक द्वारा निर्धारित मनोदशा एक घर है, जो एक महान परिवार, महान मित्रता / रिश्ते और खुले हथियार की तरह की भावना है। उन्होंने इस तथ्य का उल्लेख किया कि उनके माता-पिता ने हमेशा दोस्तों और परिवार की ज़रूरत में मदद की और वे अन्य लोगों के प्रति कितने निस्वार्थ थे। वह इस बारे में बात करता है कि कैसे वह और उसका परिवार एक साथ आते थे और एक परिवार के रूप में भोजन करते थे। वह कहते हैं कि वह छोटी उम्र में अपने माता-पिता द्वारा उन्हें दी गई उदारता की भावना के लिए आभारी हैं। वह पाठक को आराम और उदारता की भावना देता है और वह अपने परिवार को लोगों के प्रति भावना, उदारता और निस्वार्थ भाव व्यक्त करने के लिए गहराई से धन्यवाद देता है।",2,2,4
21,5,"संस्मरण में लेखक द्वारा बनाया गया मिजाज कृतज्ञ, हर्षित और प्रेमपूर्ण है। मनोदशा आभारी है क्योंकि लेखक के माता-पिता ऐसे अद्भुत लोग थे, जिसने लेखक को उनके ऊपर गौर किया। लेखक यहां तक ​​कहता है, ""मैं अपने प्यार और त्याग के लिए अपने माता-पिता का हमेशा आभारी रहूंगा। मनोदशा भी खुशी की है, क्योंकि लेखक सिर्फ एक साधारण घर में रहता था, अंदर, हमेशा संगीत था और वह अपनी संस्कृति से प्रभावित था। । ""जुनून संगीत (जिसे मैं आज तक मानता हूं) ने हवा को भर दिया, रसोई की सुगंध के साथ मिश्रण।"" आखिरकार एक घर केवल एक ""घर"" है यदि आप स्वागत और प्यार महसूस करते हैं, और यह वास्तव में लेखक है महसूस किया। अंत में, मूड प्यार कर रहा है क्योंकि उसके घर में, उसके माता-पिता ने किसी ऐसे व्यक्ति का स्वागत किया था जिसे मदद की ज़रूरत थी। उदाहरण से संस्मरण है, ""मेरे माता-पिता ने अपनी बाहों और अपने दरवाजे को कई लोगों के लिए खुला रखा जिन्हें हम परिवार मानते हैं, यह जानते हुए कि वे क्या करेंगे।"" हमारे लिए भी ऐसा ही है। '' लेखक ने पूरी तरह से मूड को जीवंत और निश्चित रूप से खुश रखा, हालांकि खुशी अलग समय जैसे मुश्किल दौर से गुजरी।",4,3,7
22,5,"संस्मरण में, लेखक ने बहुत उत्साहित करने वाला मूड बनाया। वह स्पष्ट रूप से अपने परिवार के लिए बहुत आभारी है, और एक खुशहाल बचपन था। उन्होंने अपने घर के हिस्सों और स्थिति को इंगित किया जो बड़े होने के दौरान उनके लिए नकारात्मक हो सकते थे, लेकिन फिर उन्होंने प्रत्येक स्थिति के सकारात्मक पहलुओं को ध्यान में रखते हुए उन नकारात्मक चीजों को रद्द कर दिया। उदाहरण के लिए, संस्मरण में उन्होंने लिखा है कि उनका परिवार संयुक्त राज्य अमेरिका में कैसे बस गया था, और क्यूबा में उनकी अच्छी नौकरियां कैसे थीं, लेकिन फिर उन्हें यहां मिलने के बाद कम भुगतान वाली नौकरियों के साथ शुरुआत करनी पड़ी। उन्होंने कहा कि यह उनके लिए कठिन था, लेकिन उन्होंने स्थिति को देखने का एक सकारात्मक तरीका पाया। उन्होंने यह लिखकर किया कि उनके माता-पिता की स्थिति ने उन्हें और उन्हें हमेशा कड़ी मेहनत करने की शिक्षा दी और कभी हार नहीं मानी। तो कुल मिलाकर, उन्होंने वह बनाया जो एक निराशाजनक कहानी हो सकती है, एक उत्साहित और खुशहाल मोड हो सकती है। यहां तक कि उन्होंने कहानी को आपको कड़ी मेहनत और परिवार के महत्व और दूसरों को देने के बारे में एक सबक भी सिखाया।",2,3,5
23,5,"संस्मरण के लेखक द्वारा निर्मित मनोदशा मधुर और पारिवारिक है। शुरुआत से ही, लेखक भौतिक स्थान की तुलना में घर को जीवन के तरीके के रूप में वर्णित करता है। लेखक के ""माता-पिता ने हमारे पारंपरिक क्यूबा घर का निर्माण किया, जिसका हिस्सा रसोई था"" (@संख्या1)। यहां, घर को परिवार के एक हिस्से के रूप में और भी अधिक वर्णित किया गया है, एक इमारत कम है। परिवार की भावना को बढ़ाने के लिए, लेखक में आतिथ्य की कहानियाँ शामिल हैं: ""मेरे माता-पिता ने हमेशा अपने हथियार और अपने दरवाजे को कई लोगों के लिए रखा जिन्हें वह परिवार मानते थे"" (@संख्या2)। आतिथ्य सबसे अच्छे गुणों में से एक है जिसे आपको घर बनाने के लिए आवश्यक है और लेखक वास्तव में इसे बढ़ाता है। संस्मरण के लेखक द्वारा निर्मित मनोदशा मधुर और पारिवारिक है।",2,2,4
24,5,"लेखक, नार्सिसो रोड्रिगेज, अपने संस्मरण में एक बहुत खुश मिजाज बनाता है। सेटिंग की वजह से मूड खुश है। नार्सीसो अपने घर का वर्णन करता है और कहता है, ""यहाँ, बचपन की मासूमियत, परिवार और दोस्तों की मण्डली और दोनों को शामिल करने वाले अंतहीन समारोहों ने हमारे गर्म घर में जीवन के लिए बैक-ड्रॉप का गठन किया।"" लेखक कई अच्छे दोस्तों और अच्छी यादों से भरे घर का वर्णन करता है। एक कारण यह है कि लेखक कितना आभारी है। इसमें कहा गया है, ""वे निःस्वार्थ भाव से आए, जैसा कि कई अप्रवासी करते हैं, अपने बच्चों को बेहतर जीवन देने के लिए, भले ही इसका मतलब था कि वे अपने परिवार, दोस्तों और करियर को पीछे छोड़ते हैं, जिस देश में वे प्यार करते थे।"" जबकि उन्हें अपने बच्चों के लिए और एक नए जीवन के लिए यह सब कुछ छोड़ना पड़ा। लेखक खुश है कि उन्होंने किया। इसके अलावा, लेखक उसे एक परिवार देने के साथ घर का श्रेय देता है। @नाम1 कहते हैं, ""यह यहाँ था कि मैंने 'परिवार' शब्द की वास्तविक परिभाषा सीखी।"" और इसके लिए मैं हमेशा आभारी रहूंगा। ” @नाम1 ने इस घर में बहुत कुछ सीखा और उसके लिए बहुत खुश हैं। नार्सिसो रोड्रिगेज के संस्मरण में @नाम1 बहुत खुश मिजाज बनाता है।",4,4,8
25,5,"इस संस्मरण के आधार पर, लेखक द्वारा बनाई गई मनोदशा यह एक महान मनोदशा है। इस लेख में @व्यक्ति1 नाम के एक युवक के बारे में बात की गई है और उसका जीवन तब से और अब तक कैसा था। उदाहरण के लिए, अनुच्छेद @संख्या1 पर, वह हमेशा अपने माता-पिता के प्रति उनके प्यार और बलिदान के लिए आभारी रहेंगे। और कैसे उन्होंने हमेशा उन्हें बताया कि उन्होंने जो किया वह बहुत अधिक साहसी काम था जो मैं कभी भी कर सकता था। इसके अलावा, क्यूबाई संगीत कितना भावुक था, इतना प्यार करता था, और कैसे उसके माता-पिता ने एक साधारण घर को एक घर में बदल दिया। इसलिए, यह लेखक द्वारा बनाया गया मूड है।",2,2,4
26,5,"नार्सिसो रोड्रिगेज द्वारा बनाया गया मूड खुश और आभारी था। उनके माता-पिता ने उन्हें अपने क्यूबा के पीछे के मैदान के बारे में कई बातें सिखाईं, जैसे कि खाना पकाना और संगीत। उनके माता-पिता ने नार्सिसो को आराम देने और घर पर बनाने के लिए कई चीजें दीं। ""मैं अपने प्यार और त्याग के लिए हमेशा अपने माता-पिता का आभारी रहूंगा।"" उनके माता-पिता ने उनके घर को अन्य लोगों के लिए एक घर में बदल दिया। ""मेरे माता-पिता ने हमेशा हमारे परिवार को माना जाने वाले कई लोगों के लिए अपने हथियार और दरवाजे खुले रखे।"" नार्सिसो के माता-पिता किसी को भी ले लेंगे, जब तक उन्हें अपने पैरों पर वापस आने तक रहने की जगह की आवश्यकता नहीं होती। नार्सिसो के माता-पिता समुदाय के लिए बहुत प्यार करते थे और घर पर उस जगह को बनाने में जितना संभव हो सके उतना मदद करते थे।",2,2,4
27,5,"संस्मरण में नार्सिसो रोड्रिग्ज लेखक एक गंभीर, खुश और धन्यवाद मूड बनाता है। लेखक उस बिंदु के प्रति गंभीर था जहां उसके परिवार को आर्थिक और व्यक्तिगत समस्याओं से गुजरना पड़ता था। हालांकि, लेखक खुश था कि कैसे वे विभिन्न देशों के अन्य आप्रवासी के साथ एक दोस्ताना और एकीकृत पड़ोस में रहते थे। लेखक ने धन्यवाद दिखाया क्योंकि उसके माता-पिता ने उसे नया जीवन देने के लिए बहुत मेहनत की। संस्मरण ने एक अच्छे मूड के साथ-साथ एथलीट बचपन के सटीक चित्र को दिखाया।",2,2,4
28,5,"@व्यक्ति1 का मूड खुश और महान था। @व्यक्ति1 आभारी था क्योंकि उसका परिवार एक साथ था और उसके माँ और पिताजी संस्कृति के साथ खुले घर थे। वह खुश था क्योंकि उसका जीवन बेहतर था, अगर वह क्यूबा में रहता तो यह होता। वह @व्यक्ति1 का मूड था।",1,1,2
29,5,"नार्सिसो रोड्रिग्ज के संस्मरण में, उसके घर और हास्य की मनोदशा और खुशी एक सुखद और हार्दिक स्थिति है। ज्यादातर लोग जो शहर में एक छोटे से अपार्टमेंट में रहते हैं, वे कहेंगे कि यह छोटा और तंग था, जबकि वे समुद्र पर एक हवेली की कामना करते थे, लेकिन नार्सिसो उस वातावरण में पूरी तरह से खुश था। जिस तरह से उसने इसका वर्णन किया, उसमें हमेशा शानदार खुशबू, संगीत और हर समय महान लोग थे। नार्सिसो ने कहा कि जिन लोगों ने न्यू जर्सी में अपने घायल अनुभव में सबसे अधिक योगदान दिया, वे उनके माता-पिता थे। वे समर्थन करते थे और उसकी देखभाल करते थे उसी समय वे पैसे के लिए संघर्ष कर रहे थे। उन्होंने कभी दुःख नहीं दिखाया और उन्होंने उससे प्यार किया और उसकी देखभाल की। भले ही नरसीसो शहर के एक छोटे से अपार्टमेंट में रहता था, लेकिन वह और उसका परिवार बताते हैं कि आप किसी भी स्थिति से बाहर निकल सकते हैं।",3,2,5
30,5,"संस्मरण @व्यक्ति1 में यह एक घर को एक घर और एक समुदाय, अपने परिवार को बनाने की बात करता है। ""इस वातावरण में बढ़ते हुए मुझे एक महान समझ पैदा हुई कि"" परिवार ""का रक्त रिश्तेदार होने से कोई लेना-देना नहीं था"" (पैराग्राफ @संख्या1) पैराग्राफ @संख्या1 इस बारे में बात करता है कि इतालवी, स्पैनिश, और क्यूबाई संस्कृतियों में कैसे बढ़ रहा है? एक समुदाय, सभी मतभेदों को अलग करके समुदाय को एक परिवार में बदल देता है। रोड्रिगेज बहुत गर्मजोशी से बात करता है, और अपने बचपन के बारे में कहने के लिए केवल अच्छी चीजों के साथ। संस्मरण के अपने मूड को याद करते हुए रॉड्रिग्ज अपनी संस्कृति से भरे बचपन को याद कर रहा है। ""मैंने"" परिवार ""की वास्तविक परिभाषा सीखी है। और इसके लिए, मैं उस घर या उसके आस-पड़ोस या उन कई चीजों को कभी नहीं भूलूंगा, जहाँ मैंने प्यार करना सीखा था।"" सभी अनुभवों का एक प्रतिबिंब उनके परिवार के भीतर था। वह प्रेमपूर्ण आत्माओं में अपने संस्मरण लिखता है और अपने लिए ""परिवार"" का ज्ञान समर्पित करता है।",4,3,7
31,5,"होम से ""@व्यक्ति1 रोड्रिगेज"" संस्मरण में: @व्यक्ति1 द्वारा हमारे जीवन के ब्लूप्रिंट, मनोदशा कहानी का एक बहुत महत्वपूर्ण हिस्सा है। इस संस्मरण में मनोदशा निश्चित रूप से धन्यवाद है। इस कहानी का मिज़ाज शुक्रगुज़ार होने का पहला कारण है क्योंकि @व्यक्ति1 अपनी क्यूबा विरासत के लिए शुक्रगुज़ार है। @व्यक्ति1 ने अपनी विरासत के लिए अपने प्यार को ""मेरे माता-पिता दोनों साझा खाना पकाने के कर्तव्यों को बताते हुए और अनजाने में अपने समृद्ध पाक कौशल के लिए मुझे दिया"" दिखाते हुए। @व्यक्ति1 बहुत आभारी है कि उसके पास अपनी महान संस्कृति से ये कौशल हैं। इस संस्मरण की मनोदशा का दूसरा कारण यह है कि लेखक अपने घर के लिए आभारी है। ""... हमारे गर्म घर में जीवन की पृष्ठभूमि का गठन"", @व्यक्ति1 अपने संस्मरण में लिखते हैं। यह उद्धरण दर्शाता है कि @व्यक्ति1 अपने घर को कॉल करने के लिए एक अच्छी जगह के लिए आभारी है। अंतिम कारण यह है कि इस संस्मरण की मनोदशा आभारी है कि लेखक अपने मेहनती माता-पिता के लिए आभारी है। ""मैंने अक्सर उन्हें अपनी ताकत और दृढ़ता के लिए अपनी प्रशंसा के बारे में बताया है, और मैंने उन्हें बार-बार धन्यवाद दिया है"", उन्होंने टिप्पणी की। यह निस्संदेह अपने माता-पिता के लिए लेखक के महान सम्मान को दर्शाता है और सभी को उसके लिए खुश और स्वस्थ रहने की पेशकश करनी होगी। शुक्रगुजार एक मनोदशा है जो इस संस्मरण को बहुत अच्छी तरह से सूट करता है, और लेखक ने अपनी विरासत, घर और माता-पिता के लिए जो गर्व और आभार प्रकट किया है वह अद्भुत है।",3,4,7
32,5,"""नार्सिसो रोड्रिग्ज"" में लेखक द्वारा बनाया गया मूड बहुत शांत और खुश है। लेखक यह बहुत शांत और शांत है। जोर से या जोर वाले हिस्से नहीं होते हैं। यह बहुत खुश भी है। इसमें एक परिवार के बढ़ने और एक-दूसरे से प्यार करने का वर्णन है। साथ ही उत्सव और अधिक परिवार के साथ खुशियां मनाते हुए। सबसे खुशहाल रेखा आखिरी थी, ""मैं कभी नहीं भूलूंगी कि कैसे मेरे माता-पिता ने इस साधारण से घर को एक घर में बदल दिया।"" इसका भी बहुत प्यारा लहजा है। साथ आने वाले परिवार के बारे में कुछ भी प्यार करना है।",2,3,5
33,5,"लेखक संस्मरण में विभिन्न प्रकार के मनोभावों को शामिल कर सकता था। मुझे लगता है कि संस्मरण का मूड खुश, महान और सराहना है। मैंने खुश होकर कहा क्योंकि वह हर एक चीज़ के बारे में बात करता है जो वह करता है और वह इसे कैसे आनंद लेता है मैंने कहा कि क्योंकि वह हमेशा अपने माता-पिता को धन्यवाद देता है और वह उनकी प्रशंसा करता है। वह उनकी प्रशंसा करता है क्योंकि तुम्हारा जीवन अच्छे जीवन के लिए बीता है और वे एक अच्छा जीवन पाने के लिए अपनी शक्ति में सब कुछ करते हैं। एक ने उनकी सराहना की उसी बात के कारण जो मैंने उनसे पहले कहा था कि वह उनकी प्रशंसा करती है और हमेशा उनके प्रति आभार व्यक्त करती है कि उन्होंने उसके साथ क्या किया है। यह लेखक की कहानी लिखने के मूड की ओर है।",2,2,4
34,5,"नार्सिसो के संस्मरण में, मुझे खुशी महसूस होती है। मुझे खुशी महसूस हो रही है क्योंकि नार्सिसो के माता-पिता जीवित रहने में सक्षम थे। वे भाषा या संस्कृति के किसी भी ज्ञान के बिना, @स्थान1 पर आए। @नाम1 आप्रवासी परिवारों को अभी वहां पैर नहीं मिलते हैं और उन्होंने किया, एक साल के भीतर वे एक @संख्या1 कमरे के अपार्टमेंट से एक @संख्या2 कमरे के अपार्टमेंट में चले गए। मेरे दिमाग में यह भी आया क्योंकि उन्होंने वहाँ परिवार का स्वागत किया था। आज लोग वहां नौकरी और घर खो रहे हैं और उनके पास जाने के लिए कोई नहीं है, लेकिन रोड्रिग्ज परिवार के पास जाने के लिए जगह थी। ""अनगिनत परिवार के सदस्य आ गए और चले गए- और अक्सर कोई हमारे साथ अस्थायी रूप से तब तक रहता था जब तक कि वे अपने पैरों पर खड़े नहीं हो पाए। मेरे माता-पिता ने हमेशा परिवार के माने जाने वाले कई लोगों के लिए अपने हथियार और अपना दरवाजा खुला रखा, यह जानते हुए कि वे। हमारे लिए भी ऐसा ही होगा। ”",3,2,5
35,5,"लेखक द्वारा माहवारी में बनाया गया मिजाज। लेखक आभारी था कि @स्थान1 में बढ़ने का मौका मिला। जिसका नाम नारसीसो रॉड्रिग्ज है। वह अपने जीवन के बारे में बात करता है, कि वह क्यूबा से आया था। और उसके माता-पिता क्यूबा से आए लोगों का स्वागत करते हैं। वे ""एक साथ बड़ी एकजुटता और मित्रता में"" आते हैं। मुझे लगता है कि उनका मूड हर खुश है। यह देखने के लिए कि उसके माता-पिता ने कुछ नहीं किया है। लेखक माता-पिता उसे अपने जीवन के साथ दिखाते हैं, और उसका शिक्षण ही उसके जीवन का आधार रहा है। मैं उसी तरह महसूस करता हूं क्योंकि मेरे माता-पिता मुझे बेहतर जीवन के लिए यहां लाए थे। मुझे लगता है कि आप अपने माता-पिता से सब कुछ सीखते हैं कि कैसे कार्य करें और वह सब। तो अंतिम वाक्य को उन्होंने कहा कि मुझे यह पसंद आया। उन्होंने कहा कि मैं यह कभी नहीं भूलूंगा कि मेरे माता-पिता ने इस साधारण घर को घर में कैसे बदल दिया।",3,3,6
36,5,"लेखक नार्सिसो रोड्रिगेज ने इस संस्मरण में अपने परिवार के प्रति अपने प्यार और खुशी का वर्णन किया है। वह बताता है कि कैसे उसके माता-पिता ने उसके और उसके रिश्तेदारों के लिए सब कुछ नहीं दिया। जिस समुदाय में वे गए थे वह बहुत खुश था और उसके परिवार को भी उसे पसंद था। नार्सिसो वर्णन करता है कि कैसे वह और उसका परिवार अपनी @नाम1 संस्कृति को अपने साथ रखते हैं और वह इसे स्वीकार करते हैं। अंतिम वाक्य यह स्पष्ट रूप से कहता है कि ""मैं यह कभी नहीं भूलूंगा कि मेरे माता-पिता ने इस साधारण घर को घर में कैसे बदल दिया""। यह सब दिखाता है कि इस संस्मरण के दौरान उनका मूड एक साथ खुश, प्यार और आभारी है।",3,2,5
37,5,"लेखक @व्यक्ति1 संस्मरण के मूड में आभारी हैं। मुझे यह पता है, क्योंकि पैराग्राफ @संख्या1 @नाम1 में उनके पाक कौशल के बारे में बात की गई है और वह कितना आभारी है कि यह उसके पास गया। इससे हमें पता चलता है कि वह इस कौशल के लिए बहुत आभारी है, क्योंकि कुछ लोग खाना बनाना नहीं जानते हैं और खाना बनाना एक आशीर्वाद है। इससे हमें यह भी पता चलता है कि उसे अपनी संस्कृति पर गर्व है और वह एक व्यक्ति के रूप में है। @व्यक्ति2 उद्धरण ""मैं अपने प्यार और बलिदान के लिए अपने माता-पिता का हमेशा आभारी रहूंगा।"" @नाम2 में, यह हमें दिखाता है कि @व्यक्ति2 उन सभी की बहुत सराहना करता है जो उसके माता-पिता ने उसके लिए किए थे। यह भी कि वह अपने माता-पिता से बहुत प्यार करते थे और उन्हें जो भी मौका मिलता है, वह उन्हें धन्यवाद देते हैं। इसलिए संस्मरण में नार्सिसो आभारी होने के मूड को छोड़ देता है।",3,2,5
38,5,"लेखक के अपने बचपन के घर की व्याख्या ने प्यार और करुणा का मूड सेट किया। वह एक तरह से अपने माता-पिता के बारे में लिखते हैं जो पाठक को सूचित करते हैं कि वे बहुत अच्छे लोग थे। वह उनका वर्णन करता है, साथ ही साथ उनके समुदाय के अन्य लोग, ईमानदार, मेहनती, निस्वार्थ लोगों के रूप में। वह अपने माता-पिता, परिवार और जीवन की बहुत प्रशंसा के साथ कहानी लिखता है, जो बहुत सराहनीय है। वह वर्णन करता है कि वह केवल तीन कमरों वाले घर में रहता था, और फिर भी उसके माता-पिता ने उसमें से एक घर बनाया और दूसरों के रहने के लिए स्वागत किया। इस लेखक ने जो मनोदशा की, वह प्रेम और करुणा की थी, और उन्होंने यह समझाने का बहुत अच्छा काम किया कि उनके बचपन का घर उनके लिए क्या मायने रखता था।",2,2,4
39,5,"इस संस्मरण में, लेखक द्वारा संस्मरण में बनाए गए मूड हैं। संस्मरण में एक मनोदशा शांतिपूर्ण थी। इस अंश में यह कहा गया है, ""हमारे पड़ोस में, कहीं और रीति-रिवाजों के बावजूद, ये सभी संस्कृतियाँ एक साथ बड़ी एकांत और मित्रता में आ गईं।"" इसका मतलब यह है कि सभी को उस समय @नाम1 के अलगाव के विपरीत कोई लड़ाई नहीं मिली। एक और मूड नम्र है। पाठ के एक उद्धरण में कहा गया है, ""मैं अपने प्यार और बलिदान के लिए अपने माता-पिता के लिए हमेशा महान रहूंगा।"" इससे पता चलता है कि उनके माता-पिता @नाम3 @नाम3 से कोई फर्क नहीं पड़ता। अन्त में, लेखक ने मनोदशा का निर्माण किया। यह साबित करने के लिए @नाम3 ने कहा, ""उन्होंने मुझे अपने जीवन के साथ दिखाया, और ये शिक्षाएं मेरे जीवन का आधार रही हैं।"" @नाम3 का मतलब है कि उनके माता-पिता (वे) ने उन्हें आज सब कुछ दिखा दिया है @नाम3 जानता है। इसलिए, इस संस्मरण के मूड हैं जो लेखक द्वारा बनाए गए हैं।",3,3,6
40,5,"अपने संस्मरण में, ""@व्यक्ति1 एक खुश और प्यार भरा मूड बनाता है। ऐसे समय में जब @स्थान2, @व्यक्ति2 और उनके परिवार में नस्लवाद और अलगाव सामान्य था। न्यू जर्सी के न्यूार्क में उनके घर में कई खुशहाल समय था। उनका शहर उनके शहर से भर गया था। क्यूबा, ​​स्पैनिश और इतालवी आप्रवासी। उनका पड़ोस एकजुट और मेहनती था। अपने संस्मरण में, रोड्रिगेज अपने दयालु माता-पिता के बारे में लिखते हैं। संस्मरण में कहा गया है, ""मेरे माता-पिता ने हमेशा अपने हथियार और अपने दरवाजे कई लोगों के लिए खुले रखे हैं, जिन्हें हमने माना है। परिवार, यह जानते हुए कि वे हमारे लिए भी ऐसा ही करेंगे, ""(पैराग्राफ @संख्या1)। रोड्रिगेज का परिवार हमेशा दूसरों की मदद करने के लिए तैयार था क्योंकि उन्हें पता था कि एहसान वापस मिल जाएगा। रोड्रिगेज परिवार ने पड़ोस में सभी की मदद करने के लिए अपनी मजबूत दया का इस्तेमाल किया। वापसी, उनका सम्मान किया गया। इसके अलावा, नार्सिसो रोड्रिग्ज अपने माता-पिता की बहादुरी के बारे में लिखते हैं। वह लिखते हैं, ""वे निस्वार्थ रूप से आए, जैसे कि आप्रवासी अपने बच्चों को बेहतर जीवन देने के लिए करते हैं ...."" (पैराग्राफ @संख्या1-13)। माता-पिता अपने बच्चों की मदद करना चाहते थे और टी देना चाहते थे हेम बेहतर जीवन। उन्होंने अपनी ज़रूरतों का त्याग किया और अपने बच्चों की कामना की। @नाम1 अपने माता-पिता को उनके त्याग और प्रेम के कारण प्यार करता है। अंतिम लेकिन कम से कम, नार्सिसो रोड्रिग्ज अपने माता-पिता के संघर्षों के बारे में नहीं लिखता है। वह लिखते हैं ""उन्होंने व्यक्तिगत और आर्थिक रूप से संघर्ष किया ..."" (@संख्या3)। रोड्रिगेज परिवार ने नस्लवादी कृत्यों और अपने बच्चों के लिए अलग-अलग जलवायु के माध्यम से संघर्ष किया। वे अपने बच्चों को @स्थान2 में एक बेहतर जीवन देना चाहते थे जो क्यूबा में दिया गया था। कुल मिलाकर, नार्सिसो रोड्रिग्ज अपने माता-पिता के संघर्षों के बारे में लिखते हैं जो सुखद क्षणों का नेतृत्व करते हैं।",4,3,7
41,5,"इस लेख में जो मनोदशा है, वह दुःख, उत्तेजना और माता-पिता के प्रति आभारी होगी। नार्सिसो पाक कौशल और परंपराओं के लिए आभारी है जो उसके माता-पिता ने उस पर पारित किया। मेरे जीवन की तरह ही, मैं एक अपार्टमेंट में रहता था और अपने माता-पिता की वजह से आपके लिए देखभाल करने वाले किसी अन्य घर के रूप में इसे देखता था। इसके अलावा उस वातावरण में बढ़ते हुए उसे सिखाया गया कि परिवार को रक्त से संबंधित नहीं होना है, यह पड़ोसियों या दोस्तों को हो सकता है जो भाई, बहन, चाची, चाचा की तरह हो सकते हैं।",2,1,3
42,5,"इस कहानी में मनोदशा सुरक्षा और खुशी थी। जब सभी अलग-अलग संस्कृति और विरासत वाले सभी लोग बिना किसी झगड़े या तर्क के एक साथ रह सकते थे, जब @स्थान1 में नस्लीय तनाव बहुत ज्यादा था। खुशी को कई अलग-अलग तरीकों से दिखाया गया था। एक तरीका था जब वह अपने घर में गर्मी, संगीत और खाना पकाने का वर्णन कर रहा था। इसके अलावा, जब वह इस बारे में बात कर रहा था कि उसके माता-पिता ने उसके लिए कितना बलिदान दिया, उसके लिए वह कितना शुक्रगुज़ार था। कुल मिलाकर, @व्यक्ति1 इस बात से खुश था कि उसका पूरा बचपन कैसा था और ऐसा लग रहा था कि वह इसके हर आखिरी मिनट को प्यार करता था।",2,3,5
43,5,"संस्मरण में लेखक द्वारा बनाया गया मूड खुश है। वह खुश लगता है क्योंकि, वह अपने माता-पिता, अपने परिवार और अपने घर के बारे में बात करता है जो उसे खुश करते हैं। अनुच्छेद @संख्या1 में, लेखक इस बारे में बात करता है कि रक्त-संबंधी होने का परिवार के साथ क्या संबंध नहीं है। अनुच्छेद दो में, लेखक उस सरल घर के बारे में बात करता है जिसे उसके माता-पिता ने घर बनाया था। जब आप पैराग्राफ दो पढ़ते हैं, और वह घर का वर्णन कैसे करता है, तो लेखक आपको खुश महसूस करता है। अनुच्छेद @संख्या2 में, लेखक कहता है कि वह अपने माता-पिता और उनके द्वारा दिए गए जीवन के लिए हमेशा आभारी रहेगा। यह संस्मरण और लेखक द्वारा संस्मरण में बनाए गए कुछ उदाहरण हैं।",3,3,6
44,5,"@नाम2 के संस्मरण में कई मूड थे। @नाम1 की मनोदशा ज्यादातर अपने परिवार और दोस्तों के पास होने के लिए खुश और महान थी। @नाम1 दुःखी था क्योंकि @नाम1 ने उसके साथ अपने दादा-दादी नहीं थे @नाम1 ने कहा ""मुझे अपने असली माता-पिता नार्सिसो द एल्डर और कॉन्सुएलो को नहीं पता होगा, 1970 तक जब तक उन्हें क्यूबा छोड़ने की अनुमति नहीं थी।"" @नाम1 खुश था कि उसके माता-पिता कि उसके माता-पिता उसके लिए बेहतर जीवन जीने के लिए सब कुछ छोड़ गए। @नाम2 एक मजबूत व्यक्ति है और संस्मरण में बहुत अच्छे और बुरे मूड थे।",2,2,4
45,5,लेखक द्वारा बनाई गई मनोदशा ने मुझे खुश कर दिया कि मेरे पास क्या है और जो मैं गिविन हूं उसके लिए आभारी हूं। मैंने अपने जीवन के संस्मरण में व्यक्त लेखक के सभी मूड से यह सीखा। जैसा कि मैंने कहा कि यह लेखक द्वारा व्यक्त की गई मनोदशा है।,0,1,1
46,5,"संस्मरण ""नार्सिसो @नाम1"" में मनोदशा एक खुला खुशहाल परिवार है क्योंकि उसके माता-पिता ने काम किया और उसके लिए एक शानदार घर बनाया। मुझे लगता है कि कहानी में मनोदशा एक खुला खुशहाल परिवार है क्योंकि यह कहता है कि ""इस माहौल में आगे बढ़ने से मेरे अंदर एक बड़ी भावना पैदा हुई कि"" परिवार ""को रक्त संबंधी होने से कोई लेना-देना नहीं था और वह @नाम3 है कि @नाम2 बड़ा हो रहा था उसके परिवार में ऐसे लोगों का एक समूह था जिन्हें परिवार माना जाता था लेकिन रक्त संबंधी नहीं। साथ ही पाठ में कहा गया है कि ""यह ईमानदार, मेहनती नक़ल करने वालों का एक घनिष्ठ समुदाय था, जो ऐसे लोगों का हाथ बढ़ाते थे, जो अपनी ही तरह के नहीं, स्पष्ट रूप से ज़रूरतमंद थे।"" यह सिर्फ @नाम3 है कि उसके माता-पिता अपने समुदाय के किसी ऐसे व्यक्ति को जाने देते हैं, जिसे परिवार की जरूरत हो, वह उनके परिवार का हिस्सा बन जाए, या जो कोई अकेला था, उनकी कोई कंपनी हो।",2,3,5
47,5,"इस संस्मरण में लेखक जिस मनोदशा का निर्माण करता है वह तथाकथित 'विस्तारित परिवार' के बीच रिश्तों और प्रेम की भावना है। लेखक नार्सिसो रोड्रिग्ज के परिवार और आसपास के नेहबोरों के बीच संबंधों पर जोर देता है ताकि वे परिवार हो सकें। लेखक इस लड़के के पास समग्र आनंद और खुशी की भावना को शामिल करता है, भले ही उनके पास एक छोटा सा घर हो, फिर भी वे इसे एक प्यार भरे घर में बदल सकते हैं। लेखक दिखाता है कि इस लड़के को विरासत में कितनी पसंद है और उसके मजेदार माता-पिता हैं जिन्होंने उसे खाना पकाने और क्यूबाई संगीत से प्यार करना सिखाया। इस संस्मरण से पता चलता है कि वह कैसे गरीब है, लेकिन फिर भी बहुत सारे दोस्तों और शौकीन यादों के साथ एक मजेदार और दिलचस्प जीवन हो सकता है। नार्सिसो अपने माता-पिता के लिए बहुत आभारी है और इससे पता चलता है कि वह घर की सादगीपूर्ण चीजों के लिए कितना प्रशंसनीय है। इस संस्मरण में समग्र मनोदशा का आभार व्यक्त करना होगा। उनके पास जो कुछ भी है उसके लिए किरदार इतने धन्यवाद के हैं।",2,3,5
48,5,"नार्सिसो रोड्रिगेज द्वारा ""होम: द ब्लूप्रिंट्स ऑफ़ अवर लाइव्स"" के इस अंश में, लेखक ने संस्मरण में एक बहुत ही स्पष्ट मनोदशा निर्धारित की है। नार्सिसो रोड्रिगेज का ""उनके परिवार के लिए और उनके लिए जो कुछ भी उन्होंने किया है, उसके लिए सदा आभारी हैं। उदाहरण के लिए,"" [नार्सिसो रोड्रिगेज] हमेशा अपने माता-पिता के प्रति उनके प्यार और बलिदान के लिए आभारी रहेंगे। मैंने अक्सर उन्हें बताया है कि उन्होंने जो किया वह बहुत अधिक साहसी काम था तब मैं कभी भी कर सकता था। ""@नाम1 ने"" उनकी ताकत और दृढ़ता की प्रशंसा की, और मैंने उन्हें बार-बार धन्यवाद दिया है। ""@व्यक्ति1 को लगता है कि"" कुछ भी नहीं है। इतनी कम उम्र में मुझ पर हुई उदारता की भावना के लिए आभार व्यक्त करने का तरीका और परिवार और दोस्त कितने महत्वपूर्ण हैं, इसका प्रदर्शन। ""@व्यक्ति1"" ने 'परिवार की वास्तविक परिभाषा' सीखी। """" @व्यक्ति1 कभी नहीं भूलेगा कैसे। मेरे माता-पिता ने इस साधारण घर को घर में बदल दिया। ”",3,3,6
49,5,"संस्मरण में निर्मित मनोदशा कृतज्ञ है। ""मेरे माता-पिता दोनों ने खाना पकाने के कर्तव्यों को साझा किया और अनजाने में मुझे अपने समृद्ध पाक कौशल और खाना पकाने का प्यार मिला जो आज भी मेरे साथ है।"" इससे मेरा तात्पर्य यह है कि उसने जो कुछ सीखा है, उसके लिए वह माता-पिता का आभारी है। ""मैं हमेशा अपने माता-पिता के प्रति उनके प्यार और बलिदान के लिए आभारी रहूंगा। मैंने अक्सर उन्हें बताया है कि उन्होंने जो किया उससे कहीं ज्यादा साहसी बात यह थी कि वे मुझे कभी भी कर सकते थे। उन्होंने मुझे अपने जीवन के साथ दिखाया, और ये शिक्षाएं हैं। मेरे जीवन का बिसनेस। मेरे कहने का मतलब यह है कि वह अपनी माँ और पिताजी के लिए प्यार करता है और उनके लिए क्या करता है।",3,3,6
50,5,"संस्मरण में, नार्सिसो रोड्रिग्ज, लेखक की मनोदशा खुशी थी। वह समझाता है कि वह अपने घर के लिए अपने माता-पिता के लिए महान है, ""मैं अपने माता-पिता के लिए उनके कृतज्ञता और बलिदान के लिए हमेशा आभारी रहूंगा। लेखक यह भी दिखाता है कि उसे सिखाया गया था कि उसके माता-पिता द्वारा किस तरह से काम किया जाए, और वह खुश थी। उन्होंने ऐसा किया। उन्हें लगता है कि परिवार और दोस्त भी महत्वपूर्ण हैं। इन कारणों से, लेखक ने अपने संस्मरण में खुशी का मूड बनाया।",2,1,3
51,5,संस्मरण में लेखक द्वारा बनाई गई मनोदशा खुशी है क्योंकि नार्सिसो ने जो कुछ भी किया है उसके लिए खुश है नार्सिसो अपने परिवार और अपने मूल हेटिज के लिए खुश है। उदाहरण के लिए कहानी की शुरुआत में कहते हैं कि नार्सिसो को वह हेटिज और उसका परिवार पसंद है। इसका मतलब है कि वह खुश है।,2,2,4
52,5,"लेखक द्वारा बनाया गया मिजाज खुश मिजाज है। मुझे लगता है कि यह एक खुश मिजाज है क्योंकि नार्सिसो अपने जीवन का वर्णन कर रहा है, और अंत में वह कहता है कि उसके पास एक खुशहाल जीवन है। ""मैं यह कभी नहीं भूलूंगा कि मेरे माता-पिता ने इस साधारण घर को घर में कैसे बदल दिया"" (@नाम1 @संख्या1)। मुझे लगता है कि यह एक खुशहाल बयान है क्योंकि वह कह रहा है कि उसके माता-पिता ने उसकी बहुत देखभाल की, और उन्होंने कहा कि जो एक बुरा घर हो सकता था, वह घर में बदल गया। मुझे लगता है कि जिस तरह से वह अपने पड़ोसियों के बारे में बात करता है, यह एक खुश मिजाज है। ""यह ईमानदार, परिश्रमी आप्रवासियों का एक घनिष्ठ समुदाय था, जिन्होंने ऐसे लोगों का हाथ बढ़ाया, जो अपनी ही तरह के नहीं, स्पष्ट रूप से जरूरतमंद थे"" (@नाम1 @संख्या2)। मुझे लगता है कि चूंकि वह अपने दोस्तों और पड़ोसियों के बारे में इतनी अच्छी तरह से बात करता है कि यह एक खुशहाल पड़ोस है। एक @संख्या3 और अंतिम कारण मुझे लगता है कि यह एक खुश मिजाज है क्योंकि वह अपने परिवार की बात करता है। ""वे निस्वार्थ रूप से आए ... अपने बच्चों को बेहतर जीवन देने के लिए ... मैं अपने माता-पिता के प्रति उनके प्यार और बलिदान के लिए हमेशा आभारी रहूंगा"" (@नाम3 @संख्या4 और @संख्या5)। मुझे लगता है कि वह अपने परिवार से प्यार करता है, और प्यार निश्चित रूप से एक खुश शब्द है।",3,3,6
53,5,लेखक द्वारा प्रदर्शित मनोदशा एक गर्म आरामदायक एहसास था जो घर की तरह महसूस होता था। इसने उनके छोटे से घर और परिवार और उनकी रुचियों को दिखाया और कैसे उन्होंने सभी के साथ मिलकर काम किया। यह वास्तव में दिखाती है कि उसने घर पर क्या कहा और उसने एक परिवार को क्या कहा। संस्मरण ने उनके द्वारा खाया गया भोजन और उनके द्वारा सुने गए संगीत के बारे में बताया कि वह बचपन में कैसे बड़े हुए।,2,2,4
54,5,"लेखक द्वारा बनाई गई मनोदशा खुशी थी। क्योंकि हर एक एक परिवार के रूप में एक साथ आया था और वे एक-दूसरे की तलाश में थे, जब वे जरूरत में थे। उन्होंने एक दूसरे की मदद भी की और दयालु और मिलनसार थे।",1,1,2
55,5,"इस संस्मरण में मन हर्षित है। यह संस्मरण हृदयविदारक है क्योंकि यह उसके माता-पिता के बारे में क्यूबा से @नाम1 में आया है। एस। यह अच्छा है कि कैसे गोरा-ईंट का घर बेहतर था लेकिन फिर भी वही घर जैसा उनके माता-पिता रहते थे। क्यूबा के संगीत ने घर की हवा को ऐसे भर दिया जैसे क्यूबा में एक घर था। एक घर एक घर नहीं है जब तक आप इसे घर नहीं कहते। उस परिवार ने हमेशा के लिए अपना घर बना लिया। हालांकि उनका परिवार 1970 तक नीचे नहीं आ सकता है, फिर भी उनके पास घर पर कॉल करने की जगह होगी जैसे कि नार्सिसो रोड्रिगेज ने किया था। जैसे उन्होंने संस्मरण में कहा ""मैं कभी नहीं भूलूंगा कि कैसे मेरे माता-पिता इस साधारण घर को घर में बदल देते हैं""।",2,3,5
56,5,"लेखक की मनोदशा है, और खुश है। मुझे यह पता है क्योंकि @नाम1 उनके परिवार और दोस्तों और उनके @नाम3 के बारे में बात करता है। @नाम1 ने हमें अपने पहले दोस्त @व्यक्ति1 के बारे में बताना शुरू किया और वे उनके ऊपर कैसे रहते थे। ""@व्यक्ति1 मेरी दाई और मेरा पहला दोस्त हमारे ऊपर रहता था और @व्यक्ति1 भोजन से अधिक बार हमारी मेज पर कब्जा कर लेता था।"" @नाम1 @नाम2 अपने पहले दोस्त को कैसे बनाना था। @नाम1 ने यह भी पता लगाया कि उसके माता-पिता ने घर कैसे बनाया और कैसे @नाम3 हमेशा के लिए वहां रहेगा। ""मैं कभी नहीं भूलूंगा कि मेरे माता-पिता ने इस साधारण घर को घर में कैसे बदल दिया।"" @नाम1 वास्तव में शानदार है और उसका मूड खुश और शांत है। क्योंकि उनके परिवार की शुरुआत कैसे हुई और कैसे @नाम1 अपने दोस्तों से मिले, इस बारे में बात करने में संकोच करते हैं।",2,3,5
57,5,"संस्मरण में लेखक ने सेटिंग और चेटर्स के बारे में विवरण का उपयोग करके एक मूड बनाया, कहानी में जो मूड था, वह दोस्ती है। पैराग्राफ @संख्या1 में, यह ""@नाम1 भोजन के लिए हमारी रसोई की मेज पर अधिक बार नहीं की तुलना में ग्रेड किया है।"" लेखक समझा रहा है कि लगभग हर रात खाने के लिए उसके घर पर उसके पारिवारिक मित्र थे। एक और मूड जो संस्मरण में है, वह है ध्यान रखना। पैराग्राफ @संख्या1 में, यह कहता है ""अक्सर कोई हमारे साथ अस्थायी रूप से रहता था जब तक कि वे अपने पैरों पर वापस आने में सक्षम नहीं थे।"" इससे पता चलता है कि भले ही लेखक परिवार के पास एक छोटा सा घर था लेकिन वे लोगों को उनके साथ रहने के लिए छोड़ देते थे। संस्मरण में आखिरी मूड खुशी का है। पैराग्राफ @संख्या3 में, यह कहता है कि ""मैंने अपना पहला जन्मदिन मनाया। मनोदशा इस विनम्र घर में रसोई घर की गर्मी में थी, जहां एक क्यूबा के दावत में हवा भर जाती थी।"" लेखक बताते हैं कि कैसे उनका जन्मदिन उनके दोस्तों और परिवार के साथ था। ये कहानी में मुख्य मूड के केवल तीन हैं।",2,4,6
58,5,"दिल को छूने। यही वह मनोदशा है जिसे नार्सिसो रोड्रिग्ज अपने यादगार घर: द ब्लूप्रिंट्स ऑफ आवर लाइफ में बनाता है। नरसीसो भावुक क्यूबा की संस्कृति, उनके स्वागत वाले घर और उनके देखभाल करने वाले और निस्वार्थ माता-पिता की बात करते हैं। नारसीसो ने अपने घर का वर्णन करते हुए कहानी शुरू की। वह बताते हैं कि यह क्यूबा की संस्कृति से भरा हुआ था। खाद्य संगीत और सभी। नार्सिसो पैराग्राफ @संख्या1 में कहा गया है ""मेरे माता-पिता दोनों ने खाना पकाने के कर्तव्यों के प्यार को साझा किया और अनजाने में अपने समृद्ध पाक कौशल और मेरे लिए खाना पकाने का एक प्यार है जो आज भी मेरे साथ है (और जिसके लिए मैं बाहरी रूप से आभारी हूं)। पैशनेट क्यूबा का संगीत। (जिसे मैं आज तक मानता हूं) रसोई की सुगंध के साथ मिलाकर हवा को भर दिया। "" यह वर्णन पाठक को अपने बचपन के घर की गर्म संस्कृति को चित्रित करने की अनुमति देता है। तब, नारसीसो बताते हैं कि उनका घर हमेशा दोस्तों के परिवार और पड़ोसियों के लिए खुला था। वह बताते हैं कि वे सभी एकजुट थे क्योंकि देश नस्लवाद से भरा था। जिसे दूर करने के लिए उन्हें एक साथ रहने की जरूरत थी। नार्सिसो के पैराग्राफ @संख्या2 में कहा गया है ""मेरे माता-पिता ने हमेशा अपने हथियार और अपना पैसा उन लोगों के लिए खुला रखा जिन्हें हम परिवार मानते थे, यह जानते हुए कि वे हमारे लिए भी ऐसा ही करेंगे।"" यह सिर्फ पाठक को आमंत्रित करता है। लास्ट में, नारसिसो ने अपने माता-पिता के प्रति अपनी कृतज्ञता के बारे में बताया। वह पैराग्राफ @संख्या3 में कहता है ""मैं अपने माता-पिता के प्रति उनके प्यार और बलिदान के लिए हमेशा आभारी रहूंगा। मैंने अक्सर उन्हें बताया है कि उन्होंने जो कुछ किया वह बहुत अधिक समृद्ध चीज थी जो मैं कभी भी कर सकता था।"" अपने माता-पिता के प्रति उनकी कृतज्ञता और प्यार सिर्फ पाठकों के दिल को गर्म करता है ... नार्सिसो रोड्रिगेज ने ईमानदारी और ईमानदारी से अपने संस्मरण होम: द ब्लूप्रिंट्स ऑफ आवर लाइफ में एक दिल को छू लेने वाले मूड का निर्माण किया। @महीना1 उनका संदेश सदियों तक चलाया जाता है।",4,4,8
59,5,"इस @नाम2 में @नाम1 @नाम3 बहुत खुश है और हमेशा की तरह वे एक परिवार के रूप में कुछ कर रहे हैं। यह पूरे मामले में @नाम4 @संख्या1 में यह दिखाता है। यह दर्शाता है कि @नाम5 यह दिखाता है कि वह @नाम6 अपने परिवार के जितना करीब है, जितना वह अपने आसपास के अन्य लोगों के साथ है। और इसका मतलब है कि बहुत सारी चीजों का मतलब है @नाम5 वह वास्तव में बहुत अंग्रेजी नहीं जानता है और उन सभी लोगों को उसके जीवन पर एक महत्वपूर्ण प्रभाव होने के लिए एक @नाम8 और गैर-क्यूबा के रूप में है, यह है कि कैसे और जहां यह @नाम1 में दिखाता है @नाम2।",2,1,3
60,5,"जब कोई लेखक लिख रहा होता है, तो मूड सेट करना वास्तव में महत्वपूर्ण होता है। संस्मरण में बनाया गया मिजाज दिल दहला देने वाला है और यह दर्शाता है कि यह व्यक्ति अपने घर के लिए कितना महान है, हालांकि यह बहुत छोटा था। नारसीसो रॉड्रिग्ज एक छोटे से भीड़ भरे घर में रहता था, हालांकि यह तथ्य था कि उसके माता-पिता ने यह सुनिश्चित करने के लिए कड़ी मेहनत की कि नार्सिसो एक अच्छा जीवन था, जिसने उनके घर को महान बना दिया। उनके माता-पिता ने उनके पास जो कुछ भी था उसे सबसे अच्छा बनाया और उसे जुनून, प्यार और हँसी से भर दिया। लेखक ने संस्मरण के मूड को स्थापित करते हुए बहुत अच्छा काम किया। जब वह अपने घर के पाठकों के बारे में बात कर रहा था, तो वह भोजन, @नाम1 भोजन को लगभग महसूस कर सकता था, और संगीत सुन सकता था। मनोदशा उत्थानशील है और लेखक बहुत आभार दिखाता है। जब आप सभी सुखद यादों और देखभाल करने और देने की वजह से संस्मरण पढ़ते हैं तो यह आपको मुस्कुराता है। नार्सिसिस रोड्रिग्ज के पास अद्भुत माता-पिता थे जिन्होंने उसके लिए बहुत कुछ किया। अपने संस्मरण में, वह एक उत्कृष्ट कार्य करता है जो मूड को सेट करता है और पाठक बता सकते हैं कि वह कितना महान है।",3,2,5
61,5,"लेखक ने संस्मरण में जो मूड बनाया है वह एक रोलर कोस्टर है। यह ऊपर-नीचे होता है। इस कहानी की शुरुआत में, इसे छोड़ दिया गया था। यह मूल रूप से सिर्फ रॉड्रिग्ज है जिसमें वह रहने वाले क्रमी क्वार्टर का वर्णन करता है। लेकिन, जैसे-जैसे कहानी आगे बढ़ती है, यह खुशी से भर जाता है और भले ही जीवित रहने की स्थिति में यह सब महान था, फिर भी वह मज़ेदार था। अंत में, घर भौतिक स्थान के बजाय रिश्तों के बारे में है।",2,1,3
62,5,संस्मरण में लेखक द्वारा बनाई गई मनोदशा का ध्यान रखा जा रहा है क्योंकि उनकी मां ने लोगों को अपने पैरों पर वापस आने में मदद करने के लिए एक घर दिया और अपनी बाहों को खुला रखा। साथ ही लेखक द्वारा संस्मरण में बनाया गया मूड आभारी है क्योंकि लेखक अपने जीवन के लिए हर समय अपने माता-पिता का धन्यवाद करता है।,1,1,2
63,5,"@नाम1, नार्सिसो रोड्रिगेज में, लेखक परिवार, घर और संस्कृति की रूपरेखा बनाता है। ""हमारे पारंपरिक क्यूबा घर का निर्माण किया, जिसमें से बहुत दिल रसोई था।"" इस उद्धरण से पता चलता है कि नार्सिसो और उनके परिवार की अपनी संस्कृति के लिए बहुत समझ और कृतज्ञता थी। @नाम1 का कहना है कि उन्होंने आने वाले किसी भी व्यक्ति के लिए दरवाजा खोल दिया और उन्होंने हमेशा परिवार के साथ रात का भोजन किया। यह दर्शाता है कि करीबी परिवार @नाम2 में पले-बढ़े। नार्सिसो बताता है कि कैसे उसके माता-पिता ने एक घर को एक घर में बदल दिया।",2,2,4
64,5,"नार्सिसो रोड्रिगेज द्वारा ""नार्सिसो रोड्रिगेज"" संस्मरण में, @नाम1 इस बारे में बात करता है कि कैसे उसकी क्यूबा की जड़ों और माता-पिता के प्यार ने घर बनाने में मदद की और न सिर्फ एक साधारण घर। इस लेख में, रोड्रिगेज अपने घर के बारे में बात करके एक गर्म और शांत मनोदशा बनाता है। @नाम1 ने पता लगाया कि उनका परिवार और नीयनहुड कितना तंग-बुनयाद था क्योंकि यह उनकी संस्कृति के प्रेम और संकलन के कारण था। यह कहकर @नाम1 आपको अपने घर और बचपन में एक गर्म शांत मनोदशा (आलंकारिक रूप से) आमंत्रित करता है।",2,1,3
65,5,"इस संस्मरण में लेखक द्वारा बनाई गई मनोदशा आभार, खुशी और एकता है। यह कई अलग-अलग तरीकों से ध्यान देने योग्य है जैसे कि जब नरसीसो कहते हैं, ""मैं अपने माता-पिता के प्रति उनके प्यार और बलिदान के लिए हमेशा आभारी रहूंगा।"" यह क्यूबा में अपने जीवन को छोड़ने के लिए अपने माता-पिता के प्रति आभार नरसीसो को दर्शाता है। इस संस्मरण में मनोदशा का एक और उदाहरण है जब नार्सिसो बताता है ""यहाँ बचपन की मासूमियत में, परिवार और दोस्तों की मण्डली, और अंतहीन उत्सव ...."" यह मार्ग नारसिसो के घर में खुशी दिखाता है। लेखक द्वारा इस्तेमाल किए गए स्वर से यह स्पष्ट है कि ये खुशी के समय थे। अंत में जब नार्सिसो कहते हैं, ""हमारे पड़ोस में कहीं और रीति-रिवाजों के बावजूद, ये सभी संस्कृतियां एक साथ आईं।"" यह उन लोगों की विभिन्न जातियों के बावजूद कहानी में एकता दिखाता है जो नार्सिसो के आसपास रहते थे। इस तरह खुशी, कृतज्ञता और एकता ने इस संस्मरण में एक मूड बनाया।",3,3,6
66,5,"मेरे दृष्टिकोण से मूड एक शांत और आरामदायक भावुक भावना होगी। जब लेखक इस बारे में बात करेगा कि उसके माता-पिता ने कितनी भावनाओं और इतनी संस्कृति को पारित किया है, तो यह मुझे सोचने लगा कि मैं कौन हूं और मैं कहां से हूं। इसने मुझे खाना पकाने और संगीत और परिवार के बारे में गर्मजोशी भरा एहसास दिया और मैं इससे संबंधित हो सकता हूं। इसने मुझे दृढ़ता का एहसास दिलाया और जो आप में विश्वास करते हैं उसके लिए प्रयास करना बंद नहीं किया। इसने मुझे मजबूत महसूस कराया और मेरी माँ और परिवार के प्रति समर्पण को प्रेरित किया।",2,2,4
67,5,"@व्यक्ति1 द्वारा संस्मरण की मनोदशा अपने माता-पिता के लिए प्यार और करुणा है। वह बताता है कि कैसे वह क्यूबा के लिए गर्व के साथ बड़ा हुआ और कैसे वह अभी भी क्यूबा के संगीत से प्यार करता है। उनके माता-पिता ने उन्हें ये गुण दिए, जिन्हें वह स्वीकार करते हैं, लेकिन वे ""उनके समृद्ध पाक कौशल के लिए सदा आभारी हैं, जो उनके माता-पिता द्वारा उन पर पारित किए गए थे। @व्यक्ति1 ने उस वातावरण में"" परिवार ""की भूमिका के बारे में भी बात की, जिसमें वह ऊपर उठे थे। । उसके पड़ोस में, कई लोग नस्लवाद के शिकार थे, इसलिए वे सभी एक मजबूत बनकर आए थे। इस तरह बड़े होकर उन्होंने सीखा कि जो लोग जरूरतमंद थे, उन्हें कैसे मदद करना है। @व्यक्ति1 ने भी पाठक को बताया। उनके माता-पिता ने जिस साहस के साथ उन्हें जाना और प्यार किया था, उसे छोड़कर वह कैसे चाहते थे, वही साहस था, लेकिन कम से कम उन्हें इसके बारे में पता था।",3,3,6
68,5,"से संस्मरण में: नार्सिसो रोड्रिगेज द्वारा होम द ब्लूप्रिंट्स ऑफ़ अवर लाइव्स। मनोदशा नार्सिसो बनाता है उनके संस्मरण में एक प्रकार का प्रेमपूर्ण मनोदशा है। इस मनोदशा का वर्णन द @नाम1 द्वारा किया गया है ""मैंने सीखा कि कैसे प्यार करना है। मैं कभी नहीं भूलूंगा, और माता-पिता ने इस साधारण घर को घर में बदल दिया""। इससे पता चलता है कि वह अपने घर से कैसे प्यार करता था। इसके अलावा, @नाम1 ने मुझे अपने समृद्ध पाक कौशल और खाना पकाने का एक प्यार दिया, जो आज भी मेरे साथ है और उसके लिए मैं बाहरी रूप से आभारी हूं। यह दर्शाता है कि वह प्यार करता था कि उसके माता-पिता उसे खाना पकाने और खाना पकाने के लिए प्यार करते थे।",2,2,4
69,5,"संस्मरण ""@व्यक्ति1"" में वह खुद को प्यार का स्वर बनाता है। यह प्यार का स्वर है क्योंकि वह बताते हैं कि उनके माता-पिता ने उन्हें कई महान चीजें सिखाईं। यह भी कि वह अपने माता-पिता द्वारा दी गई हर चीज के लिए आभारी और आभारी है, जैसा कि पैराग्राफ @संख्या1 में कहा गया है। उदाहरण के लिए वह बताते हैं कि परिवार के लिए रक्त से संबंधित नहीं है। उनके माता-पिता ने उन्हें सिखाया कि आप जिस किसी पर भी भरोसा कर सकते हैं, वह आपके परिवार पर भरोसा कर सकता है, क्योंकि आप जानते हैं कि वे आपके लिए भी ऐसा ही करेंगे। अंतिम वाक्य में यह भी लिखा है, ""मैं कभी नहीं भूलूंगा कि मेरे माता-पिता ने इस साधारण घर को घर में कैसे बदल दिया""। इसलिए उनके संस्मरण के प्रति लेखक का प्यार प्रेम है और वह अपने माता-पिता के साथ हर चीज के लिए आभारी हैं।",2,3,5
70,5,"संस्मरण में नार्सिसो रोड्रिग्ज होम से: द ब्लूप्रिंट्स ऑफ अवर लाइव्स मूड को कुछ तरीकों से अच्छी तरह से दिखाया गया था। ""मेरे माता-पिता दोनों ने खाना पकाने के कर्तव्यों को साझा किया और अनिच्छा से मुझ पर उनके समृद्ध पाक कौशल और खाना पकाने का एक प्यार है जो आज भी मेरे साथ है (और जिसके लिए मैं अनंत बार महान हूं)।"" नरसीसो ने जो सीखा उसके लिए मूड खुश और महान है। ""जुनून क्यूबन संगीत (जिसे मैं आज तक मानता हूं) ने रसोई की सुगंध के साथ हवा को मिलाया।"" कोष्ठक में यह क्यूबा के संगीत के लिए नार्सिसो के प्रेम को और भी अधिक बल देता है। ""हमारे मकान मालिक और उनकी बेटी, एलेग्रिया (मेरी दाई और पहली दोस्त), हमारे ऊपर रहती थी, और एलेग्रिया ने हमारी रसोई की मेज पर भोजन के लिए अधिक बार ग्रेड किया, फिर नहीं।"" इससे पता चलता है कि दोनों परिवार एक साथ कितने मिलनसार हैं और वे इन भोजन का आनंद उठाते हैं।",2,3,5
71,5,"संस्मरण में लेखक द्वारा बनाया गया मूड ""एकजुटता"" था। क्योंकि पैराग्राफ @संख्या1 में यह कहा गया है कि ""मेरे माता-पिता दोनों ने खाना पकाने के कर्तव्यों को साझा किया और अनजाने में अपने गैर-पाक कौशल और मेरे लिए खाना पकाने का एक प्यार है, जो आज भी मेरे साथ है (और जिसके लिए मैं सदा आभारी हूं)। पैशनेट क्यूबा का संगीत ( जिसे मैं इस दिन को मानता हूं, उसने रसोई घर की सुगंध के साथ मिश्रण करते हुए हवा को भर दिया। ""पैराग्राफ @संख्या2 में भी कहा गया है।"" इस परवरिश में बड़े होने से मुझे बहुत अच्छा लगा कि ""परिवार का रक्त से संबंधित कोई संबंध नहीं था।"" । ""यह अब लेखक द्वारा बनाया गया मूड"" एकजुटता ""था।",3,2,5
72,5,"अपने ड्राइविंग टेस्ट में नाकाम रहने से वापस आकर, सेंग को हिबिस्कस के फूल का पता लगाकर सुकून मिला। यह सेंग की मातृभूमि के बारे में पोषित @नाम1 को वापस लाता है, क्योंकि यह उसके पुराने घर में उगने वाले फूलों के समान है। लेखक ने यह कहकर कहानी समाप्त की कि ""जब वे वापस आते हैं, तो सांग ने चुपचाप खुद से कसम खाई, जब साँप पिघल गए और गीज़ वापस लौट आए और यह हिबिस्कस नवोदित है, तो मैं उस परीक्षण को फिर से ले लूंगा,"" सैंग की तुलना हिबिस्कस से करने के लिए। सैंग की तरह, हिबिस्कस को नए परिवेश के अनुकूल होने की कोशिश करनी चाहिए। लेखक दिखाता है कि सेंग इस संबंध को पहचानता है और इससे प्रेरित होता है। सेंग के दिमाग में, अगर हिबिस्कस को ले जाया जा सकता है, तो वह कर सकती है।",3,2,5
73,5,"संस्मरण में लेखक द्वारा बनाया गया मूड कई कारणों से बहुत आभारी और दयालु है। नार्सिसो रोड्रिगेज वह बताता है कि क्यों उसके माता-पिता ने @स्थान1 पर आने और अपने सभी दोस्तों, परिवार, और करियर को पीछे छोड़ने के लिए एक कठिन विकल्प बनाया। वह वास्तव में उन लोगों को दिखाता है जिन्होंने अपने संस्मरण को पढ़ा है कि वह अपने माता-पिता का सम्मान करता है और @स्थान1 में अपने जीवन को बेहतर बनाने के लिए उन्हें बहुत धन्यवाद देता है। यह संस्मरण लोगों और वास्तविक जीवन से संबंधित है। वह बताता है कि वह कहाँ से आता है और वह सिर्फ उसी तरह से प्यार करता है जिस तरह से वह अपने जीवन को सरल बना सकता है और उसके लिए खुश रह सकता है जो उसने अभी तक पूरा किया है (और उसके माता-पिता)। उनके संस्मरण में विवरण और वर्णन बस आपको पढ़ना और उनके जीवन के बारे में अधिक जानकारी रखना चाहते हैं। अंत में, संस्मरण में हर बात उसके लिए इतनी दयालु और कीमती है।",3,2,5
74,5,"""नार्सिसो रोड्रिगेज"" में लेखक नार्सिसो रोड्रिगेज ने अपने बचपन के बारे में एक संस्मरण लिखा है। कहानी में उन्होंने @स्थान1 पर आने के लिए अपने माता-पिता को धन्यवाद दिया। साथ ही उनकी क्यूबा की परवरिश। वह बताता है कि कैसे परिवार और दोस्त के साथ हमेशा से भरा हुआ घर था और कैसे हमेशा एक बड़ी क्यूबा की दावत और सांस्कृतिक संगीत चल रहा था। अंत में, नार्सिसो ने दर्शाया कि कैसे उनका समुदाय, जिसमें वे रहते थे, एकता और मजबूत थे, भले ही उनके पास एक ही विरासत या पृष्ठभूमि नहीं थी। नार्सिसो अपने संस्मरण को बनाने वाले मूड में बहुत उत्साहित है। वह कभी भी अपने परिवार, दोस्त, या समुदाय के बारे में कुछ भी नकारात्मक नहीं कहता है। नार्सिसो लगातार अपनी विरासत के लिए अपने माता-पिता का शुक्रिया अदा कर रहा है और उसे बेहतर जीवन देने की आपकी इच्छाशक्ति है। ""मैं अपने प्यार और त्याग के लिए हमेशा अपने माता-पिता का आभारी रहूंगा।"" @नाम1, नार्सिसो अधिक बैकग्राउंड जानकारी देने के लिए कोष्ठक का उपयोग करता है। नार्सिसो का संस्मरण एक बहुत ही महत्वपूर्ण विचार था। इसने मुझे ऐसा महसूस कराया कि कठिन समय के माध्यम से भी लोग चीजों को अच्छा कर सकते हैं। यह कहानी मुझे मेरे पिताजी के बारे में सोचती है क्योंकि जब चीजें गलत हो जाती हैं तो वह हमेशा मजाक बना सकता है या कहानी के उज्ज्वल पक्ष को पा सकता है।",3,3,6
75,5,"मूड निश्चित रूप से उत्थान और खुश था। सबसे पहले जब वह अपने ""घर"" का वर्णन करता है, तो वह कहता है कि इन दीवारों के भीतर मेरे युवा माता-पिता ने हमारे पारंपरिक ""घर"" का इलाज किया। आप देखते हैं कि वह घर से घर कैसे जाता है फिर आप जानते हैं कि उनके लिए एक खुशहाल जगह है। ""दिल"" (खुश दिल) के रूप में उनकी रसोई के साथ क्यूबा का संगीत हवा को भरता है / (जिसे वह पसंद करता है)। यह सिर्फ एक कथानक उत्थान की कहानी है कि कैसे वह एक क्यूबा में पैदा हुआ था, स्पेनिश, इतालवी लोगों ने नस्लवाद से निपटा और उसके माता-पिता अपने विस्तारित बड़े विस्तारित परिवार में नींद में सब कुछ खाने का स्वागत कर रहे हैं। यह एक अच्छा परिवार है और जैसे उन्होंने कहा कि परिवार खून से संबंधित होने के बारे में नहीं है, उन्हें प्यार करने के तरीके से वे आते हैं और अभी भी अपने घरों में हैं। उनका परिवार प्यार और साहस के बारे में चिंता किए बिना है, उनके माता-पिता ने उन्हें कुछ खास सिखाया है और आप रक्त संबंधी परिवार से अधिक कैसे हो सकते हैं। आप सभी की जरूरत है एक छोटे से स्वार्थ और साहस की एक बहुत कुछ है।",2,4,6
76,5,"इस संस्मरण में मनोदशा विरासत प्रेम और पारिवारिक प्रेम है। यह लेखक द्वारा दिखाया गया है जब वह अपने घर के बारे में लिखता है और हम वहां प्यार करना सीखते हैं। उनके पास जो भी दोस्ती और पारिवारिक पल थे, उन्होंने उन्हें अपने घर से प्यार किया। वह अपने परिवार और घर के लिए गर्मजोशी दिखाते हैं।",1,1,2
77,5,"मुझे लगता है कि मूड खुश है। क्योंकि स्पैनिश क्यूबाई और इटैलियन एक ही पड़ोस में बिना लड़े रहते हैं, और ऐसा लगता है कि वे संयुक्त राज्य में जीवन की तुलना में पसंद करते हैं।",1,1,2
78,5,"मुझे लगता है कि लेखक द्वारा बनाई गई मनोदशा खुशी थी। मुझे ऐसा लगता है क्योंकि जब @नाम1 कहानी भर में बात कर रहा था @नाम1 ने इस बारे में बात की कि उसका जीवन कितना महान था और आपके माता-पिता कितने अच्छे हैं। @नाम1 ने अपने जीवन के बारे में बहुत अच्छा होने की बात कही क्योंकि @नाम1 एक घर में बड़ा हुआ जो एक घर में बदल गया। इसके अलावा, @नाम1 ने अपने घर में चल रहे महान खाना पकाने और सभी महान संगीत के बारे में बात की, कि @नाम1 आज भी प्यार करता है। इसके अलावा, @नाम1 इस बारे में बात करता है कि जब उसके परिवार के दरवाजे खोले गए थे, तब तक उसके माता-पिता की देखभाल कैसे की जाती थी, जब तक कि उन्हें अपने पैरों पर वापस आने तक रहने के लिए जगह की जरूरत नहीं होती। अंत में, मुझे लगता है कि लेखक द्वारा निर्धारित मूड खुशी थी क्योंकि @नाम1 में उनके परिवार या करीबी दोस्त थे जो उनके ऊपर या नीचे रहते थे। वे कारण हैं जिनके बारे में मुझे लगा कि लेखक ने जो खुशी तय की है वह खुशी की है।",3,3,6
79,5,"संस्मरण में लेखक द्वारा बनाया गया मूड यह है कि परिवार बहुत महत्वपूर्ण है। परिवार बहुत महत्वपूर्ण है जिसका एक उदाहरण पैरा @संख्या1 में है जब लेखक @व्यक्ति1 लिखते हैं ""इस वातावरण में बढ़ते हुए मुझे एक महान भावना पैदा हुई कि"" परिवार ""का रक्त संबंधियों के साथ कोई संबंध नहीं था।"" दूसरा तरीका जो दिखाता है। परिवार महत्वपूर्ण है @संख्या2 जब लेखक लिखते हैं ""मैं अपने प्यार और बलिदान के लिए अपने माता-पिता का हमेशा आभारी रहूंगा। तीसरा और अंतिम उदाहरण पैराग्राफ @संख्या3 में है जब लेखक लिखते हैं,"" मैं कभी नहीं भूलूंगा कि मेरे माता-पिता कैसे हैं इस साधारण घर को एक घर में बदल दिया। ""@नाम1 तीन उदाहरण बताते हैं कि परिवार सबसे महत्वपूर्ण चीज है।",3,2,5
80,5,"इस संस्मरण में लेखक की मनोदशा खुश, आभारी और कृतज्ञ थी। मैं खुश हूं क्योंकि कहानी में लेखक ने कहा था ""हमारे पड़ोस में रीति-रिवाजों के बावजूद जहां, सभी संस्कृतियां एक बड़ी एकजुटता और दोस्ती में एक साथ आईं। मैं खुश हूं क्योंकि लेखक बहुत सारे दोस्तों और परिवार के आने का आनंद लेने के लिए खुश था। हर रोज़ और मज़े करो। एक और मनोदशा लेखक को पूर्ण रूप से आभारी है जैसा कि कहानी में कहा गया है ""मैं अपने प्यार और बलिदान के लिए अपने माता-पिता का हमेशा आभारी रहूंगा। लेखक ऐसा इसलिए कहता है क्योंकि लेखक माता-पिता उसे बहुत प्यार करते थे, वे हर दिन बाहर निकलते थे ताकि यह सुनिश्चित हो सके कि लेखक का जीवन अच्छा हो और लेखक इसके लिए महान थे। अब लेखक ने उन सभी चीजों के लिए आभार व्यक्त किया जो लेखक के माता-पिता ने किया ""माता-पिता ने हमारे पारंपरिक क्यूबा घर का निर्माण किया"" भी ""मुझ पर समृद्ध पाक कौशल और खाना पकाने के लिए प्यार करते हैं"" और ""जहां मैंने अपना पहला जन्मदिन मनाया""। लेखक को इन सभी चीजों के लिए आभार और अधिक था क्योंकि चीजों के बिना उसके माता-पिता ने वह नहीं किया जो वह आज है।",3,3,6
81,5,"मुझे लगता है कि इस कहानी में मूड उदास / खुश था। मुझे लगता है कि यह खुश था क्योंकि यह कहता है कि उसे खाना बनाना पसंद था और उसने अपने माता-पिता को खाना बनाने के लिए सिखाने के लिए धन्यवाद दिया। इसके अलावा पैराग्राफ @संख्या1 में यह एक पैराग्राफ है जो अपने माता-पिता को समर्पित है। मुझे लगता है कि यह दुख की बात है क्योंकि पैराग्राफ @संख्या2 में यह कहा गया है कि उनके माता-पिता के पास बहुत अच्छे जॉब्स थे, लेकिन जब वे एकजुट राज्यों में आए तो उन्हें शुरू करना पड़ा।",2,2,4
82,5,"संस्मरण में व्यक्त विभिन्न मनोदशाएँ। इन मनोदशाओं में से एक प्रशंसात्मक था, वह इस बात के लिए प्रशंसनीय था कि उसके माता-पिता ने घर बना लिया। जिस तरह से उनके माता-पिता उनके समृद्ध पाक कौशल और खाना पकाने के प्यार और उनके भावुक क्यूबिक संगीत से गुजरते थे, जिससे उनके घर की हवा भर गई थी। लेखक यह भी व्यक्त करता है कि वह कैसे आभारी है कि उसके माता-पिता ने अपने परिवार, दोस्तों और करियर को देश में छोड़ दिया, जिससे वे प्यार करते थे ताकि वे अमेरिका आ सकें, अपना जीवन शुरू कर सकें, अपने और अपने लिए बेहतर जीवन जी सकें।",2,3,5
83,5,कहानी में लेखक ने एक मनोदशा बनाई जिसे आप लेख पढ़ते समय महसूस कर सकते हैं। लेखक ने एकरूपता और शांति की भावना पैदा की। उन्होंने इस भावना को बनाया क्योंकि पढ़ते समय वह कभी भी हिंसा या नफरत के बारे में एक शब्द का उपयोग नहीं करते हैं। साथ ही पढ़ते समय वह इस बारे में बात करता है कि कैसे उसने और उसके परिवार ने हमेशा एक दूसरे की मदद की। वह अपने सामुदायिक परिवार पर भी विचार करता है और यह वास्तव में आपको शांति का अनुभव कराता है।,2,1,3
84,5,"लेखक ने संस्मरण में जो कदम उठाया था, वह यह था कि इससे उसे अभी भी उम्मीद है। भले ही आपका आप्रवासी आप अभी भी इसे शीर्ष पर बना सकते हैं। जब नस्लवाद कानूनी था तब @व्यक्ति1 परिवार क्यूबा से चले गए। पड़ोस एक परिवार था, या एकता। अब नार्सिसो एक प्रसिद्ध फैशन डिजाइनर है। क्यूबा से आने के साथ पूरी तरह से एक नया जीवन शुरू करने के लिए बहुत कठिन नहीं था",0,2,2
85,5,"संस्मरण में, नरसीसो रोड्रिग्ज, ने जो मूड बनाया वह खुश और प्यार करने वाला है। संस्मरण में यह कहा गया है, ""हमारे पड़ोस में अन्यत्र रीति-रिवाजों के बावजूद, ये सभी संस्कृतियाँ एक साथ बड़ी एकजुटता और मित्रता में आईं।"" लोगों के @नाम1 उनके परिवार के बहुत करीब थे और @नाम2 ने पाया कि आपको परिवार बनाने के लिए खून के रिश्तेदार नहीं हैं। साथ ही यह कहता है, ""मैं अपने माता-पिता के प्यार और बलिदान के लिए हमेशा उनका आभारी रहूंगा।"" @नाम2 खुश है कि उसके माता-पिता @स्थान1 में चले गए और उन बलिदानों के प्रति आभारी हैं जिन्हें उन्हें ऐसा करना पड़ा। ""मैं यह कभी नहीं भूलूंगा कि मेरे माता-पिता ने इस साधारण घर को एक घर में कैसे बदल दिया। @नाम2 वहां से बस अपने घर जा रहा है। @नाम2 ने कहा कि उनके सभी माता-पिता ने उनके जीवन को बेहतर बनाने के लिए किया है।",3,3,6
86,5,"संस्मरण में लेखक द्वारा बनाई गई मनोदशा है कि उसने ""परिवार"" की परिभाषा कैसे सीखी। उसने ""परिवार"" की परिभाषा सीखी, जिसे वह उसे ""साधारण घर"" कहती है। मुझे यह पता है क्योंकि पैराग्राफ @संख्या1 में, वह कहती है ""यह वह जगह थी जहां मैंने"" परिवार की परिभाषा सीखी थी। '",2,1,3
87,5,"संस्मरण में, ""नार्सिसो रोड्रिग्ज होम से: हमारे जीवन के ब्लूप्रिंट,"" लेखक एक विशेष मूड बनाता है। मुझे लगता है कि मूड एक ही समय में खुश और उदास दोनों तरह का होता है। यह दुख की बात है क्योंकि माता-पिता को अपने परिवार, दोस्तों, और करियर को क्यूबा में वापस छोड़ना पड़ा, जबकि @स्थान1 को भाषा का ज्ञान नहीं था। उन्हें 1970 तक अपने असली माता-पिता से मिलने भी नहीं दिया गया जब उन्हें क्यूबा छोड़ने की अनुमति दी गई। मूड भी खुश है क्योंकि माता-पिता ने यह सब अपने बच्चे के लिए किया है। वह अपने नए दोस्तों के साथ अपने नए घर में एक खुशहाल जीवन जीने के लिए मिलता है।",2,2,4
88,5,"लेखक द्वारा निर्धारित मूड बहुत खुश है। यह समझाते हुए दिखाया गया है कि वह क्यूबा- @नाम1 होने से कितना खुश है और अंधेरे समय से मुक्त है। वह अपने गुणों और परिवार को समझाकर अपनी खुशी भी दिखाता है। कुल मिलाकर, नार्सिसो रोड्रिग्ज चाहता है कि लोग अपने जीवन और परिवार और विरासत से खुश रहें। यह नार्सिसो रोड्रिगेज द्वारा निर्धारित मूड है।",1,1,2
89,5,"इस संस्मरण में कृतज्ञता का भाव मिलता है। मुझे लगता है कि ऐसा कुछ कारण है क्योंकि पैराग्राफ @संख्या1 की तरह है। लेखक का कहना है ""... हमारा पड़ोस ज्यादातर स्पेनिश, क्यूबा और इतालवी प्रवासियों से बना था, जब संयुक्त राष्ट्र में अतिवाद जातिवाद का आदर्श और अलगाव था।"" लेकिन कहानी का मुख्य हिस्सा यह है कि वह जिस मोहल्ले में रहता है और जिस घर में वह रहता है और ज्यादातर लोग मूल रूप से उस मोहल्ले में परिवार हैं, उससे वह कैसे प्यार करता है। और यही कारण है कि मुझे लगता है कि लेखक के संस्मरण में एक आभारी मूड है।",2,2,4
90,5,"""नार्सिसो रोड्रिग्ज"" कहानी में, कहानी में मूड तैयार है, महान है, और उम्मीद है। ""यह विश्वास कि यह संघर्ष उन्हें और उनके बच्चों को इन कठिन समयों को सहने के लिए बेहतर समय तक ले जाएगा"" वह उद्धरण दर्शाता है कि परिवार क्यूबा में एक अच्छी नौकरी नहीं होने और बेहतर जीवन बनाने के लिए कृतज्ञता से गुजरने के लिए तैयार था। उनके बच्चे। ""मेरे माता-पिता ने हमेशा उन लोगों के लिए दरवाजे खुले रखे थे जिन्हें हम परिवार मानते थे"" इस उद्धरण से पता चलता है कि परिवार के पास घर होने के लिए बहुत अच्छा था और फिर भी जिन लोगों को वे प्यार करते थे, उनके साथ रहते थे। ""मेरी माँ और पिता इस देश में इतनी हिम्मत के साथ आए, भाषा और संस्कृति के बारे में जानते थे। उस उद्धरण से पता चला कि परिवार को काफी उम्मीद थी कि देश के बारे में जाने बिना भी उन्हें विश्वास था कि यह एक बेहतर जीवन लाएगा।"" कहानी ""नार्सिसो रोड्रिग्ज"" परिवार बेहतर जीवन के लिए कुछ भी करने को तैयार था।",3,3,6
91,5,"लेखक द्वारा बनाया गया मूड तब भी दिखाई दे रहा है जब वे क्यूबा से आए थे, तब भी वे एक जीवित और द्विभाषी बन सकते हैं और अनुवाद कर सकते हैं और दूसरों को खोजने में मदद कर सकते हैं @नाम1। उदाहरण के लिए, ""अक्सर कोई हमारे साथ अस्थायी रूप से तब तक रहता है जब तक वे अपने पैरों पर वापस आने में सक्षम नहीं थे।"" अर्थ है कि जब तक कोई @नाम2 या @नाम3 को एक अपार्टमेंट नहीं मिल जाता, जो उनके लिए अच्छा था और अगर उनके पास जॉब होता तो क्या कोई मौन बनाता, किसी की मदद करता। इसलिए, ""मेरे माता-पिता ने हमेशा अपनी बांहों और अपने दरवाजे को बहुत से लोगों के लिए खुला रखा था जिन्हें हम परिवार मानते थे"" @नाम4 अगर एक दूसरे को समस्या थी। इसके अलावा मूड अच्छा था क्योंकि उन्हें एक अपार्टमेंट मिला और अंत में हर व्यक्ति खुश था क्योंकि यह उनका घर बन गया था।",1,2,3
92,5,"मुझे लगता है कि लेखक ने बहुत गर्मजोशी से, और प्यार भरे लहजे का निर्माण किया। नार्सिसो ने @स्थान1 में अपने घर के सभी सबसे बड़े पहलुओं को शामिल करके यह मूड बनाया। उदाहरण के लिए, पैरा @संख्या1 में वह परिवार और दोस्तों के साथ होने वाले अंतहीन समारोहों के बारे में बताते हैं कि ""... हमारे गर्म घर में जीवन की पृष्ठभूमि बन गई।""",1,2,3
93,5,मुझे लगता है कि इस कहानी का मिजाज वास्तव में नरम और व्याख्यात्मक है क्योंकि यह बताता है कि कैसे ये लोग अपने देश से आकर बस गए हैं जहां वे अब बस मूल रूप से बेहतर जीवन पाने के लिए रहते हैं। और वे निश्चित रूप से वे घर के लिए खुश थे और @नाम1 अपने अद्भुत शैक्षिक विकल्पों के कारण खुश है। मैं यही कहूंगा कि इस कहानी का मिजाज है।,1,1,2
94,5,"नार्सिसो के जीवन के दौरान, एक छोटे से घर में बड़े होने से कोई फर्क नहीं पड़ता जब आप उन लोगों से घिरे होते हैं जिन्हें आप प्यार करते हैं। लेखक ने खुशी, प्यार, उपलब्धि और गर्व होने का मूड बनाया। नरसीसो को अपने क्यूबा के हेराजीट पर बहुत गर्व था, साथ ही साथ उसके बहादुर माता-पिता भी थे, जिसने उसके लिए एक सुंदर घर और जीवन बनाया। मूड भी खुश था क्योंकि यह बहुत खुश कहानी है। मूड में भी प्यार और उपलब्धि है क्योंकि नार्सिसो अपने दोस्तों, परिवार, पड़ोस, घर और बचपन से प्यार करता था। उपलब्धि उनके माता-पिता की @स्थान1 पर आने और बेहतर जीवन शुरू करने की थी। कोई भी इस तरह से बचपन से खुश होगा क्योंकि आप जिस से प्यार करते हैं, उससे घिरे रहना और आप पर और आपके परिवार पर गर्व करना जरूरी है।",2,3,5
95,5,"इस संस्मरण में बनाया गया मिजाज बहुत ही शानदार था। नार्सिसो बहुत ही शानदार था ""घर के लिए कि उसके माता-पिता एक घर में बदल गए।"" और वह अपने समग्र माता-पिता के लिए बहुत ही महान था, अपने स्वयं के जीवन को छोड़ने के लिए, अपने बेटे को एक बेहतर देने की कोशिश करने के लिए, उनके मुकाबले कई अधिक अवसरों के साथ। वह अपने माता-पिता के लिए भी महान है, न केवल उसे उन चीजों को देने के लिए जो उनके पास कभी नहीं थी, लेकिन उनके पास मौजूद चीजें भी थीं। उन्हें खाना बनाना, दूसरों के साथ व्यवहार करना और परिवार का वास्तविक अर्थ सिखाने जैसी चीजें। उन्होंने उसे आपके द्वारा प्रेम करने वाले के लिए निस्वार्थ होने का मूल्य भी दिखाया।",2,3,5
96,5,"कोई फर्क नहीं पड़ता कि आप किस राष्ट्रीयता के साथ हैं। वह दिखाता है कि उसका घर, उसके लिए कम से कम अच्छा गंध, भोजन और लोगों के साथ एक अद्भुत @नाम1 था। उसके माता-पिता ने उसके लिए जो किया, उसके लिए वह बहुत खुश और आभारी है। उसके लिए यह पृथ्वी पर @नाम2 / स्वर्ग था। यह विनम्र घर में रसोई घर की गर्मी में था, जहां एक क्यूबा की दावत हमेशा न केवल खुशबू और संगीत बल्कि प्यार और जीवन से हवा भरती थी। वह उस घर या उसके दयालु प्रतिद्वंद्वी बोर हुड को कभी नहीं भूलेंगे।",2,1,3
97,5,"नार्सिसो रोड्रिगेज द्वारा ""नार्सिसो रोड्रिगेज"" संस्मरण में एक निश्चित मनोदशा लेखक द्वारा बनाई गई है। मनोदशा खुशी और खुशी है क्योंकि इस संस्मरण में लेखक अपने परिवार के बारे में एक संस्कृति पर बात करना जारी रखता है जो मूड के खुश होने का एक सही कारण है। ""मेरे माता-पिता ने हमेशा अपनी बाहों और अपने दरवाजे को उन कई लोगों के लिए खुला रखा जिन्हें हम परिवार मानते थे।"" यह उद्धरण @नाम1 @संख्या1 में पाया गया था, इस उद्धरण से यह भी पता चलता है कि उनका परिवार दयालु और उदार था। इस मनोदशा में परिवार की संस्कृति शामिल थी जिसे नार्सिसो बहुत पसंद करते थे। उनकी खूबसूरत संस्कृति बस एक और टुकड़ा था जो एक साथ फिट था, और वह आखिरी उद्धरण ""मैं कभी नहीं भूलूंगा कि कैसे मेरे माता-पिता ने इस साधारण घर को एक घर में बदल दिया"" @नाम1 @संख्या2 में पाया गया वास्तव में प्रत्येक चीज को भावनात्मक रूप से छूने वाले को एक साथ रखता है। ।",2,2,4
98,5,"लेखक द्वारा संस्मरण में जो मनोदशा बनाई गई थी, वह होगा कि मैं प्रेम को मानता हूँ। मैंने कहा कि प्रेम क्योंकि मूल रूप से पूरी कहानी के दौरान सभी के बारे में बात की जा रही थी, जो ""शाश्वत @नाम1"", ""एक डोर"", बांड और एकता थी। परिवार के निवासी हैं और वे बच्चों के लाभ के लिए विदेश में बस एक बेहतर जीवन शैली की तलाश कर रहे हैं। मेरे विचार से केवल प्यार करने वाले माता-पिता ही देश को छोड़ देते हैं, वे सभी कुछ ऐसा करने के लिए प्यार करते हैं क्योंकि उन्हें परिवारों, दोस्तों और करियर को पीछे छोड़ना पड़ता है। अब बस एक ही इच्छा पर उनकी सांस्कृतिक कठिनाइयों का सामना करना पड़ रहा है।",1,2,3
99,5,"नार्सिसो रोड्रिगेज द्वारा इस संस्मरण में मूड बहुत गर्म और आमंत्रित है। यह घर और परिवार का है। इसके कुछ उदाहरण हैं, उन्होंने कहा कि रसोई घर का दिल था और क्यूबा का संगीत हर समय बजता रहता था। संस्मरण परिवार की भावना भी व्यक्त करता है क्योंकि लेखक अक्सर बड़ी मात्रा में परिवार का उल्लेख करता है और दोस्तों का अक्सर दौरा होता रहता है। उन्होंने यह भी उल्लेख किया कि शायद ही कभी ऐसा समय था जब वे अपने घर में तब तक नहीं रहे जब तक वे अपने पैरों पर वापस नहीं आ गए। इस संस्मरण का मिजाज गर्मजोशी और परिवार का है।",3,2,5
100,5,"संस्मरण में मूड बहुत साहसी है। संस्मरण में यह दिखाया गया कि कैसे नरसीसो के माता-पिता और रिश्तेदार चले गए। पहले नार्सिसो एक सुसज्जित एक-कमरे वाले अपार्टमेंट में रहता था, फिर वे एक मामूली तीन-कमरे वाले अपार्टमेंट में जाने का खर्च उठा सकते थे जो जल्द ही नार्सिसो का घर बनने वाला था। नार्सिसो का जन्म 1961 में न्यू जर्सी के आयरनबाउंड सेक्शन में हुआ था। नरसीसो अपने परिवार के साथ कुछ समय के लिए बड़ा हुआ। ""परिवार"" का खून के रिश्तेदार होने से कोई लेना-देना नहीं था। नरसीसो अपने माता-पिता के लिए हमेशा महान और प्यार करने वाला होगा और उन्होंने उसके लिए क्या किया होगा।",1,1,2